date,Unnamed: 0,tic,open,high,low,close,volume,day,macd,boll_ub,boll_lb,rsi_30,cci_30,dx_30,close_30_sma,close_60_sma,turbulence,turbulence_bin,return
2025-02-18 17:30:00+00:00,0,NVDA,139.96499633789062,140.6999969482422,139.9499969482422,140.15139770507812,12499776.0,1.0,2.1831871298986414,142.25733011470638,131.1237489868561,63.63376527465739,128.2752853830024,42.51549418019505,135.12965037027996,132.0298973083496,,,
2025-02-18 18:30:00+00:00,1,NVDA,140.15499877929688,140.39999389648438,139.0919952392578,139.5749969482422,16587058.0,1.0,2.106626995409016,142.2351384297618,131.95094097697643,62.24833224701226,105.39278263511716,33.467179847746685,135.35848337809244,132.3176472981771,,,-0.004112700738446162
2025-02-18 19:30:00+00:00,2,NVDA,139.5675048828125,140.16990661621094,139.42999267578125,139.54989624023438,12892226.0,1.0,2.020634503128406,141.91478799827112,133.11829153053745,62.18733860420783,97.81337958362847,33.46717984774668,135.58240305582683,132.5897122701009,,,-0.00017983670826893228
2025-02-18 20:30:00+00:00,3,NVDA,139.52999877929688,139.72000122070312,137.9250030517578,139.41000366210938,22832152.0,1.0,1.919074772139254,142.00194913817523,133.5171304516685,61.83800186754898,75.72194522370775,18.400059365409035,135.79490305582684,132.8459622701009,,,-0.0010024556226411185
2025-02-19 14:30:00+00:00,4,NVDA,139.50999450683594,140.0,137.22000122070312,139.3300018310547,43638802.0,2.0,1.811253471911044,142.12355134438647,133.75702879477367,61.6331757448959,67.06529521793749,12.065061870340127,135.99085642496746,133.11413065592447,,,-0.0005738600455716947
2025-02-19 15:30:00+00:00,5,NVDA,139.3350067138672,140.45509338378906,139.33189392089844,139.94830322265625,26073700.0,2.0,1.7554602169664406,142.2225648993285,134.15184611141368,62.622999552244295,85.35406289179654,15.19607197226379,136.22680002848307,133.39118576049805,1.069782246678536,medium,0.0044376759023607715
2025-02-19 16:30:00+00:00,6,NVDA,139.94000244140625,140.11000061035156,139.49000549316406,139.81500244140625,13424823.0,2.0,1.6811086276426863,142.1562782229756,134.74713364225877,62.26473821989046,78.6851536723457,15.196071972263784,136.50995992024738,133.64743576049804,1.0605938763444638,medium,-0.0009525001602764815
2025-02-19 17:30:00+00:00,7,NVDA,139.81500244140625,141.36000061035156,139.74000549316406,140.639892578125,19599460.0,2.0,1.669501226655569,142.20255525647528,135.2528158372747,63.59788912470359,92.43396403058094,23.7205437663932,136.84395955403645,133.90885060628256,3.900784889985831,high,0.00589986855712743
2025-02-19 18:30:00+00:00,8,NVDA,140.63999938964844,140.85000610351562,140.1199951171875,140.44509887695312,13213960.0,2.0,1.6258423553994703,142.15012621975208,135.81362500095102,63.05370656206277,86.0824438667939,23.72054376639321,137.13962961832684,134.1459088643392,1.1773967736329751,medium,-0.0013850529718206772
2025-02-19 19:30:00+00:00,9,NVDA,140.44000244140625,140.84500122070312,139.02000427246094,139.31939697265625,20162981.0,2.0,1.4833089869170522,141.8226739378837,136.54801698008507,59.985262354953555,63.74357996053904,12.363074443677595,137.41777598063152,134.35356547037762,1.373995496606098,medium,-0.008015245197578014
2025-02-19 20:30:00+00:00,10,NVDA,139.32000732421875,139.86000061035156,138.77239990234375,139.24000549316406,14622733.0,2.0,1.3484005148198437,141.8249754487972,136.6697053373356,59.77304215427743,48.179694316428616,9.934744721498488,137.7027796427409,134.54531059265136,1.511787993570259,medium,-0.0005698523049720849
2025-02-20 14:30:00+00:00,11,NVDA,140.1300048828125,140.52999877929688,136.79010009765625,138.62060546875,45160191.0,3.0,1.1779257781543038,141.62648140752563,137.0722597423767,58.11368024217681,24.68728936880987,7.2242968018264655,137.93930002848307,134.72048734029133,1.995053359128016,high,-0.004448434357785747
2025-02-20 15:30:00+00:00,12,NVDA,138.61000061035156,139.07000732421875,137.11000061035156,138.3000030517578,20769192.0,3.0,1.0053641731075231,141.416867732766,137.43786401772226,57.26249351304168,2.058782617003975,7.224296801826474,138.17997029622396,134.8972407023112,1.5757384129990444,high,-0.0023128049102660864
2025-02-20 16:30:00+00:00,13,NVDA,138.3000030517578,139.97000122070312,138.22999572753906,139.5800018310547,17027606.0,3.0,0.9608173575519744,141.26884966812764,137.81012219466533,59.70037976471456,38.175553857643166,0.8078728776599051,138.3476369222005,135.08815739949543,0.47980455732568467,low,0.009255233196327817
2025-02-20 17:30:00+00:00,14,NVDA,139.560302734375,139.839599609375,139.08999633789062,139.49000549316406,11187948.0,3.0,0.9077873257317036,141.15250016765367,138.09347151203383,59.45370669767423,43.457389099726434,0.807872877659904,138.47347056070964,135.26824086507162,0.8996393105029081,medium,-0.0006447652723171604
2025-02-20 18:30:00+00:00,15,NVDA,139.49000549316406,140.0,139.38499450683594,139.80490112304688,10655696.0,3.0,0.8810143046012797,141.1061624828319,138.28378960457042,60.051173418655395,51.13981195924173,2.2983821166184772,138.63330078125,135.44648920694988,1.3533365656388385,medium,0.0022574780807378403
2025-02-20 19:30:00+00:00,16,NVDA,139.7899932861328,140.32000732421875,139.3800048828125,139.89999389648438,14152452.0,3.0,0.8575839901482141,141.10422859002924,138.3897228259864,60.23422611836581,54.529494596747696,5.33212174871391,138.81246744791667,135.6331558227539,1.1260111800382635,medium,0.0006801819726891534
2025-02-20 20:30:00+00:00,17,NVDA,139.88999938964844,140.1999969482422,139.69000244140625,140.1199951171875,10091197.0,3.0,0.847003824178131,141.0210749011689,138.41887566035456,60.665591774542,58.51775778197152,5.332121748713915,138.9791239420573,135.83123906453451,1.09330404253974,medium,0.0015725606168783823
2025-02-21 14:30:00+00:00,18,NVDA,140.0,141.4600067138672,138.9499969482422,139.22999572753906,48808452.0,4.0,0.7580649528144932,140.73739140838964,138.50605799346582,58.03116987867384,48.475665166656064,16.93664734102832,139.1080805460612,135.99748891194662,2.1755535445731797,high,-0.006351694409524433
2025-02-21 15:30:00+00:00,19,NVDA,139.22999572753906,139.72000122070312,138.5500030517578,139.19920349121094,23381184.0,4.0,0.6772882233175039,140.70205731098858,138.46481280619892,57.941115564968165,-4.166398275278069,12.266629076903088,139.2397206624349,136.1819755554199,1.4535413626241622,medium,-0.00022116093710422557
2025-02-21 16:30:00+00:00,20,NVDA,139.19000244140625,139.8000030517578,138.3699951171875,138.99110412597656,15825238.0,4.0,0.5896827084129086,140.6403629165884,138.41047784268892,57.319250047724914,-17.117584291511,10.150431924575672,139.27275390625,136.3493522644043,1.5918632340254504,high,-0.0014949752585869946
2025-02-21 17:30:00+00:00,21,NVDA,139.0,139.05999755859375,136.05999755859375,137.1699981689453,29842368.0,4.0,0.3690524684434138,140.93804287924183,137.87229800210582,52.24318706260814,-145.57253216112454,12.480143957367211,139.29242045084635,136.47118555704753,4.716925174786564,high,-0.013102320241881515
2025-02-21 18:30:00+00:00,22,NVDA,137.1699981689453,138.06500244140625,135.34500122070312,135.39669799804688,24903198.0,4.0,0.0505284494960278,141.55259542236,136.84242563476894,47.96444393647453,-232.22121910257553,18.05084525452992,139.24764048258464,136.48763046264648,3.277978620553883,high,-0.012927755300502053
2025-02-21 19:30:00+00:00,23,NVDA,135.3800048828125,136.25999450683594,134.5800018310547,135.10000610351562,30385659.0,4.0,-0.2232709580691789,141.9612759540774,136.00274534719216,47.29403529244852,-277.09592324874484,23.61181384854212,139.17305399576824,136.51471379597982,1.7163194222425555,high,-0.0021912786568512033
2025-02-21 20:30:00+00:00,24,NVDA,135.10000610351562,135.1999969482422,134.0399932861328,134.27000427246094,25630708.0,4.0,-0.5014527373218698,142.36979815966768,135.08822338574245,45.45537270236547,-287.91950551962816,27.332715038780808,139.05472056070963,136.51873041788738,1.505136737986985,medium,-0.006143610611081152
2025-02-24 14:30:00+00:00,25,NVDA,136.7550048828125,138.58999633789062,131.92999267578125,132.92999267578125,76292889.0,0.0,-0.8205823756473194,142.79437930967526,133.96181118104738,42.68388849226968,-244.40619930101823,4.035795137437784,138.87355041503906,136.49539693196616,1.7212061378503192,high,-0.009979977314669153
2025-02-24 15:30:00+00:00,26,NVDA,132.9199981689453,134.2899932861328,130.61000061035156,134.0399932861328,37651734.0,0.0,-0.9727142957243872,142.8516711370956,133.32701843809974,45.52981669805847,-257.66432566866206,5.639809194415439,138.71288350423177,136.48748016357422,0.5996517381521226,low,0.008350264586705292
2025-02-24 16:30:00+00:00,27,NVDA,134.0399932861328,134.99000549316406,133.49000549316406,134.60000610351562,26471760.0,0.0,-1.0361475206576929,142.63394454131756,132.94075638641684,46.905735595869274,-168.17333731722945,0.3491822895998193,138.510883585612,136.48882522583008,0.2600200792781819,low,0.004177953188846839
2025-02-24 17:30:00+00:00,28,NVDA,134.60000610351562,134.88999938964844,134.19000244140625,134.6199951171875,13394332.0,0.0,-1.0724434021141462,142.37023592983866,132.62195462191914,46.95521145861632,-139.59175661098922,0.3491822895998209,138.29171651204427,136.5073252360026,0.5345177531497398,low,0.0001485067813185026
2025-02-24 18:30:00+00:00,29,NVDA,134.6300048828125,134.875,132.66000366210938,132.72000122070312,15517929.0,0.0,-1.2402252337199116,142.4007464301932,131.93150454636927,43.013917203831795,-157.873541697099,11.427896280306731,138.0502166748047,136.48690846761068,1.979533942924231,high,-0.014113756985583148
2025-02-24 19:30:00+00:00,30,NVDA,132.71009826660156,133.14999389648438,131.9199981689453,132.57000732421875,18193639.0,0.0,-1.3695099398688342,142.35301549838192,131.31223566128602,42.72106950595855,-162.11209061536007,16.242281929865694,137.79750366210936,136.46357701619465,1.336041083386586,medium,-0.0011301529167028201
2025-02-24 20:30:00+00:00,31,NVDA,132.5800018310547,133.0800018310547,130.0897979736328,130.10000610351562,23873374.0,0.0,-1.6522315598436703,142.61789448926996,130.1952967338746,38.28124585490867,-178.0599939373533,26.76631392411165,137.48167063395184,136.42007700602213,3.6060397543330573,high,-0.018631674468135073
2025-02-25 14:30:00+00:00,32,NVDA,129.9600067138672,130.1999969482422,124.44000244140624,125.33999633789062,85363681.0,1.0,-2.2346241316134865,143.62247203981062,127.8947185119472,31.71117728654994,-247.0503778418905,48.23101352644068,137.0080073038737,136.29520517985026,4.077991883786282,high,-0.03658731393015957
2025-02-25 15:30:00+00:00,33,NVDA,125.3499984741211,127.33999633789062,125.0500030517578,126.19000244140624,38552542.0,1.0,-2.5976420513052574,143.81573770577134,126.3624529070216,33.80970923286479,-218.05048290902107,48.23101352644069,136.5673405965169,136.18112182617188,1.3620230861733555,medium,0.006781603066463804
2025-02-25 16:30:00+00:00,34,NVDA,126.1999969482422,128.5399932861328,125.75,128.52499389648438,26597121.0,1.0,-2.6661879173104523,143.47853203867308,125.60315741445194,39.12572510188994,-166.4245965217258,38.38674994741163,136.2071736653646,136.09901504516603,0.24708094601944186,low,0.018503775338005513
2025-02-25 17:30:00+00:00,35,NVDA,128.52870178222656,129.88999938964844,128.32009887695312,128.3699951171875,26234066.0,1.0,-2.701872610479967,142.95179565977213,124.98640319276696,38.91112397666354,-129.0846725266449,28.15174698825761,135.82123006184895,136.024015045166,0.05964435366063919,low,-0.0012059816118078492
2025-02-25 18:30:00+00:00,36,NVDA,128.3800048828125,129.0,127.04000091552734,127.2699966430664,22835671.0,1.0,-2.7867892983861964,142.3405064340792,124.33469269311809,37.40491467384549,-135.217140107867,33.16230502154121,135.4030632019043,135.95651156107584,0.22661339065677316,low,-0.008568968730714
2025-02-25 19:30:00+00:00,37,NVDA,127.26000213623048,129.3800048828125,127.18000030517578,128.81500244140625,23200458.0,1.0,-2.6983128585775376,141.39376060785187,124.15093925176728,40.73801969089435,-113.93597901433314,30.27923785575275,135.008900197347,135.92642987569172,1.2166629790775374,medium,0.012139591726971322
2025-02-25 20:30:00+00:00,38,NVDA,128.82000732421875,128.8800048828125,126.19000244140624,126.62999725341795,25422556.0,1.0,-2.772546114651533,140.61708942395487,123.6676105882522,37.79377028411609,-124.44143600283174,34.24400414210739,134.54839680989582,135.84401321411133,1.1051046536482505,medium,-0.016962350243188373
2025-02-26 14:30:00+00:00,39,NVDA,129.98500061035156,131.60980224609375,129.0500030517578,130.4499969482422,61026640.0,2.0,-2.49438078561073,139.52373581751706,123.8860435403931,44.98480597058149,-67.59886957787405,14.972740317995507,134.25275014241535,135.83526306152345,2.719642077628144,high,0.03016662542588122
2025-02-26 15:30:00+00:00,40,NVDA,130.47000122070312,133.72999572753906,130.4499969482422,132.4149932861328,39297221.0,2.0,-2.0912671500277895,138.41942739864513,124.33274087528068,48.17293474775394,-33.65646586927225,2.728923649014547,134.02524973551434,135.8640146891276,2.7787531668617405,high,0.01506321490118756
2025-02-26 16:30:00+00:00,41,NVDA,132.4149932861328,133.0,131.72000122070312,132.55679321289062,24467999.0,2.0,-1.740293599216841,137.67312682273243,124.61772095558788,48.3961750581696,-26.81153187954517,2.7289236490145625,133.823122660319,135.88121134440104,1.4559058993962448,medium,0.001070875157252127
2025-02-26 17:30:00+00:00,42,NVDA,132.57989501953125,132.74000549316406,130.35000610351562,130.3751983642578,25366254.0,2.0,-1.6195122741223713,137.1125047422113,124.6761930727301,45.291246421267,-45.26273310995289,9.819862569514674,133.558962504069,135.86946640014648,0.08044319941811195,low,-0.0164578125025181
2025-02-26 18:30:00+00:00,43,NVDA,130.36000061035156,131.1199951171875,128.49000549316406,129.88999938964844,45619369.0,2.0,-1.5451323817907507,136.53879567586225,124.72890146769244,44.63243637938567,-64.13161367955922,18.447916431119644,133.2359624226888,135.79179967244465,0.24888505778217657,low,-0.0037215588600967298
2025-02-26 19:30:00+00:00,44,NVDA,129.8800048828125,130.8800048828125,128.9600067138672,130.74000549316406,26930195.0,2.0,-1.401442436443716,136.11032172813233,124.80437553749267,46.05452412086056,-53.851143331576786,18.447916431119648,132.94429575602214,135.7088831583659,0.3177498428934687,low,0.00654404578881973
2025-02-26 20:30:00+00:00,45,NVDA,130.6999969482422,132.08999633789062,130.02000427246094,131.52000427246094,30301408.0,2.0,-1.2106718651146195,135.94434510763412,124.82935331765889,47.33850714381916,-31.52962261005915,10.58312141646556,132.66813252766926,135.65071665445964,0.2667124859457096,low,0.005966029880101642
2025-02-27 14:30:00+00:00,46,NVDA,135.0,135.0,125.27999877929688,127.4800033569336,139627459.0,3.0,-1.3696901872194758,135.48122015863655,124.63647927373653,41.984225673137495,-65.61872587755524,30.03638463727974,132.25413284301757,135.5333001454671,3.3784548100096328,high,-0.03071776752042943
2025-02-27 15:30:00+00:00,47,NVDA,127.4800033569336,128.0699005126953,125.51000213623048,126.27999877929688,47154830.0,3.0,-1.5743950476291388,134.87144416467214,124.41425453527904,40.574092432261786,-112.74709842041688,30.036384637279745,131.79279963175455,135.38596178690594,2.4323568021476887,high,-0.009413276953537553
2025-02-27 16:30:00+00:00,48,NVDA,126.29000091552734,127.41000366210938,125.6500015258789,127.08000183105467,31842499.0,3.0,-1.6530166173525345,134.05201616014645,124.47968321119144,41.91944695584004,-105.39559214460948,30.036384637279735,131.38779983520507,135.24794019063313,0.9468539583951162,medium,0.006335152514183928
2025-02-27 17:30:00+00:00,49,NVDA,127.08000183105467,128.4499969482422,126.27999877929688,127.61000061035156,28567618.0,3.0,-1.6534978121793529,133.5598474469399,124.46085186336286,42.80683089554809,-85.73981059804065,22.872159461397867,131.00149307250976,135.12060686747233,0.4301656969795956,low,0.004170591530219703
2025-02-27 18:30:00+00:00,50,NVDA,127.61499786376952,127.91000366210938,123.69000244140624,123.74500274658205,40681735.0,3.0,-1.943350454669968,133.36984165627254,123.76835719626654,38.38282768631941,-131.44543331484772,32.737451966930195,130.4932896931966,134.8830217997233,2.0846500882888095,high,-0.030287578130894444
2025-02-27 19:30:00+00:00,51,NVDA,123.74500274658205,124.69000244140624,121.57140350341795,121.91000366210938,61051900.0,3.0,-2.2946782302581994,133.74378604604814,122.57541256235032,36.52867243410746,-174.6529950362435,39.50360178114855,129.98462320963543,134.63852183024088,2.8433252927186476,high,-0.01482887424739543
2025-02-27 20:30:00+00:00,52,NVDA,121.90499877929688,122.55729675292967,120.01000213623048,120.01000213623048,47543937.0,3.0,-2.6953519285212764,134.46521378811894,121.32098540011349,34.7315618670586,-198.07360429122815,43.94587601452936,129.47173334757488,134.35968691507975,2.1988036741196897,high,-0.01558527986878755
2025-02-28 14:30:00+00:00,53,NVDA,118.03500366210938,122.7750015258789,116.41000366210938,122.7300033569336,121634753.0,4.0,-2.7615736525343237,134.65321919005365,120.78698008973151,39.16397416002435,-184.80354235478404,52.53586947759658,129.0593999226888,134.11622695922853,0.40973278938697616,low,0.022664787703407185
2025-02-28 15:30:00+00:00,54,NVDA,122.73500061035156,123.6999969482422,121.41999816894533,121.55999755859376,53003489.0,4.0,-2.8753196407023154,134.8156341039063,119.9280655420898,38.0151955738005,-139.23203119567194,46.37484853619917,128.63573303222657,133.8452267964681,0.5819477292241734,low,-0.009533168470118314
2025-02-28 16:30:00+00:00,55,NVDA,121.54000091552734,122.7699966430664,121.13999938964844,122.18099975585938,26114445.0,4.0,-2.8821310556879354,134.8386200568333,119.28618005302998,38.99767695651006,-132.90122206801254,47.06666392661123,128.27743326822915,133.57549184163412,0.1365925765564002,low,0.005108606529596882
2025-02-28 17:30:00+00:00,56,NVDA,122.19000244140624,122.27760314941406,118.84500122070312,120.57990264892578,36004561.0,4.0,-2.982345682162105,135.02465942453222,118.431131285917,37.41590755195573,-149.5706738799342,52.442328604150255,127.82876358032226,133.270823542277,1.0705958425247886,medium,-0.013104305171285913
2025-02-28 18:30:00+00:00,57,NVDA,120.5876007080078,121.2300033569336,119.68000030517578,120.47000122070312,26592728.0,4.0,-3.0356416352731657,134.9957282995116,117.62556228886731,37.3084540417264,-141.2376221886106,52.442328604150255,127.35776341756186,132.9343235015869,0.8420059391562407,medium,-0.0009114406779928697
2025-02-28 19:30:00+00:00,58,NVDA,120.46389770507812,122.2300033569336,120.29000091552734,121.88500213623048,29137364.0,4.0,-2.929925951312157,134.97820500287122,117.16858607378892,39.618111917932914,-112.47299622732668,45.10512284340658,126.93326365152994,132.61249008178712,0.38628436176820535,low,0.011745670301231748
2025-02-28 20:30:00+00:00,59,NVDA,121.87999725341795,125.06999969482422,121.2699966430664,125.0500030517578,42860959.0,4.0,-2.5612320979523417,134.47384105365194,117.13295063335978,44.3611558712575,-61.105970556934494,26.60563756983333,126.67759704589844,132.36390686035156,4.808618469842486,high,0.025967107191660954
2025-03-03 14:30:00+00:00,60,NVDA,123.50499725341795,123.6999969482422,118.3000030517578,119.51000213623048,90292423.0,0.0,-2.6851189571232936,133.67630755853725,116.63998501348424,38.83711732092784,-117.50999808513296,35.7610287510321,126.24226353963216,132.01988360087077,1.3633545784819063,medium,-0.044302285328488344
2025-03-03 15:30:00+00:00,61,NVDA,119.51499938964844,120.1999969482422,118.51000213623048,119.22000122070312,38941419.0,0.0,-2.774715641107008,132.65133350386924,116.3312798689335,38.57698464135075,-127.9484142195932,35.76102875103209,125.87959671020508,131.68063367207844,1.0563323018383124,medium,-0.002426582799293975
2025-03-03 16:30:00+00:00,62,NVDA,119.23999786376952,119.5,118.25,118.41000366210938,30591168.0,0.0,-2.8779069720805808,131.99096676055782,115.79512714203004,37.84456655408141,-124.9986644977495,36.55275630353589,125.6485969543457,131.3283021291097,1.1851858504330064,medium,-0.006794141505620854
2025-03-03 17:30:00+00:00,63,NVDA,118.41000366210938,118.43000030517578,114.51000213623048,115.23999786376952,64601109.0,0.0,-3.17883617573564,131.61685118915813,114.70424256084183,35.14326832061644,-152.9209172423135,46.6610876795813,125.2835968017578,130.92546869913738,2.0665463248757057,high,-0.026771435692086287
2025-03-03 18:30:00+00:00,64,NVDA,115.24440002441406,117.2699966430664,115.04000091552734,116.04499816894533,40434891.0,0.0,-3.31416431749426,130.65992089627326,114.19167212130483,36.337023271220474,-137.50119144162716,46.6610876795813,124.86759694417316,130.5373853047689,0.9711695649723041,medium,0.006985424506232851
2025-03-03 19:30:00+00:00,65,NVDA,116.03009796142578,117.62000274658205,112.27999877929688,113.16999816894533,65189266.0,0.0,-3.611767114399214,129.56314597377946,113.45344643344713,34.0233488509359,-149.40388408312188,52.97836436342494,124.36093037923176,130.09108022054036,2.340909230821426,high,-0.0247748722078861
2025-03-03 20:30:00+00:00,66,NVDA,113.16000366210938,114.1999969482422,112.5,114.01000213623048,44205633.0,0.0,-3.736763096186337,129.03844043990932,112.63115184524692,35.26909997752675,-146.7126598125966,52.978364363424944,123.91893056233724,129.66099688212077,0.9847965496912605,medium,0.007422496959230918
2025-03-04 14:30:00+00:00,67,NVDA,110.72000122070312,115.13999938964844,110.11000061035156,111.61000061035156,127887000.0,1.0,-3.9835633392955287,128.85957210854943,111.34302035971228,33.40485066001402,-151.03013645623875,57.91090929663844,123.34543050130208,129.17716534932455,1.859195336813645,high,-0.02105079800815335
2025-03-04 15:30:00+00:00,68,NVDA,111.5999984741211,113.3000030517578,110.9000015258789,111.83000183105467,46791250.0,1.0,-4.113978664988281,128.19369659236642,110.48389587589529,33.73698793526631,-142.41166081450496,57.91090929663842,122.85209732055664,128.70024706522625,1.2552696628669686,medium,0.0019711604650121117
2025-03-04 16:30:00+00:00,69,NVDA,111.81999969482422,116.5999984741211,111.81999969482422,116.01020050048828,51255627.0,1.0,-3.8358098249923103,126.81627019270564,110.70134226456976,39.65295961156283,-100.61500980425664,35.486886763353034,122.37077077229816,128.31176045735677,1.481199351312194,medium,0.03737993920226135
2025-03-04 17:30:00+00:00,70,NVDA,116.01499938964844,117.58000183105467,115.0999984741211,116.1999969482422,40436938.0,1.0,-3.5590178852886964,126.1576588711025,110.60545300633892,39.904963897539965,-77.28072997848635,29.642657641336545,121.8302708943685,127.9277603149414,1.6016061466477811,high,0.0016360324086597267
2025-03-04 18:30:00+00:00,71,NVDA,116.20999908447266,118.25,115.87999725341795,117.7698974609375,33842281.0,1.0,-3.176365266157319,125.77356855219244,110.57553270513176,41.978207809975835,-59.85640785093616,25.680713427636093,121.3373743693034,127.5802485148112,1.748146343793531,high,0.01351033178937655
2025-03-04 19:30:00+00:00,72,NVDA,117.76499938964844,119.30999755859376,117.04000091552734,118.88999938964844,34300518.0,1.0,-2.751015450403287,125.6770154294076,110.56008555325845,43.418966814551744,-40.11361699015777,19.504265519993034,120.95453440348308,127.25674845377604,1.5065958867102824,medium,0.009510935755739025
2025-03-04 20:30:00+00:00,73,NVDA,118.9000015258789,119.01499938964844,115.0500030517578,115.95999908447266,34552128.0,1.0,-2.6201457849073932,125.07058576879896,110.48951478662096,40.68514945837488,-63.1593435525968,26.730390424179795,120.4902010599772,126.863081741333,0.06707138977589348,low,-0.024644632182838522
2025-03-05 14:30:00+00:00,74,NVDA,117.5199966430664,118.0,114.63999938964844,115.97000122070312,78072523.0,2.0,-2.4869554687665243,124.60721797485964,110.3938829467712,40.698335221014744,-65.77445977393899,28.150927535872142,119.99786758422852,126.47108167012532,0.7605416223102203,medium,8.625505613513162e-05
2025-03-05 15:30:00+00:00,75,NVDA,115.97000122070312,116.86000061035156,114.51000213623048,115.40989685058594,39193117.0,2.0,-2.398943399106912,123.96863712103718,110.35535351006637,40.180894190466205,-71.18653644544084,28.619973655562408,119.46086400349937,126.0644982655843,1.175413507780659,medium,-0.004829734967849553
2025-03-05 16:30:00+00:00,76,NVDA,115.4000015258789,116.81999969482422,114.5199966430664,116.56310272216795,29044947.0,2.0,-2.21065605677893,123.5775483243133,110.34476231411443,41.75807357066516,-60.210202047831736,28.619973655562397,119.09696731567382,125.6755500793457,0.16120040929204893,low,0.009992261522207224
2025-03-05 17:30:00+00:00,77,NVDA,116.55999755859376,117.91000366210938,116.11000061035156,116.2699966430664,29662552.0,2.0,-2.061326503638,123.162047412208,110.34026276845609,41.47058369200681,-41.241403650409005,21.048587420215934,118.76330057779948,125.27805010477702,0.21133405484352005,low,-0.0025145699818935885
2025-03-05 18:30:00+00:00,78,NVDA,116.3000030517578,118.2300033569336,115.81999969482422,117.10980224609376,26002248.0,2.0,-1.8538464751107144,122.45696240449828,110.56782778715213,42.64105417004784,-31.21726031471284,18.852942513698697,118.43096059163412,124.9093802134196,2.5087639195200846,high,0.007222891780116258
2025-03-05 19:30:00+00:00,79,NVDA,117.11000061035156,118.2780990600586,116.7300033569336,117.66000366210938,26217630.0,2.0,-1.6262737303988075,120.5807842304847,111.70500602220086,43.40807460377983,-14.793600620634132,18.507584978035776,118.0992940266927,124.55039354960124,2.192183172070219,high,0.004698167065976477
2025-03-05 20:30:00+00:00,80,NVDA,117.625,118.20899963378906,117.16999816894533,117.29000091552734,20809411.0,2.0,-1.4589588505894824,120.21915909812986,111.84463103248538,43.00798125511241,-9.664634993108484,18.507584978035784,117.88412729899088,124.18870849609377,0.8059580879207844,medium,-0.0031446773335532807
2025-03-06 14:30:00+00:00,81,NVDA,113.5,115.3499984741211,112.3000030517578,114.84439849853516,73446901.0,3.0,-1.506336173455182,119.74868651643186,111.87754334196656,40.458207702128625,-93.38449776017411,39.01219948973192,117.64860712687174,123.81661516825358,3.8127853696975342,high,-0.020850902872389887
2025-03-06 15:30:00+00:00,82,NVDA,114.83999633789062,115.33999633789062,113.56999969482422,114.05999755859376,34221965.0,3.0,-1.5888622287617409,119.40570923344632,111.78552001460056,39.67770465642156,-84.55139135069552,39.01219948973192,117.45027364095051,123.4610034942627,2.2928114710902507,high,-0.006830119276138635
2025-03-06 16:30:00+00:00,83,NVDA,114.04000091552734,114.76000213623048,111.20999908447266,111.6355972290039,41307149.0,3.0,-1.828812159026043,119.61716336075364,111.21362582381666,37.37249944662437,-125.32164716581534,46.47048056837251,117.08046010335286,123.06993001302084,2.8041969602881043,high,-0.021255482916737956
2025-03-06 17:30:00+00:00,84,NVDA,111.63999938964844,112.29000091552734,110.9499969482422,111.53500366210938,33581282.0,3.0,-2.003990512472271,119.72059991971224,110.6591898141745,37.27953376571636,-143.4936503700462,47.23046990573377,116.74629364013671,122.69101333618164,1.4397051717815599,medium,-0.0009010886257738715
2025-03-06 18:30:00+00:00,85,NVDA,111.52999877929688,111.90499877929688,110.33999633789062,110.52999877929688,33771494.0,3.0,-2.198572341151973,119.97383649159264,110.14195330332925,36.34512291475482,-152.5474957992212,49.044813757017586,116.35792694091796,122.31768010457355,1.3903042915853259,medium,-0.009010667950100415
2025-03-06 19:30:00+00:00,86,NVDA,110.5199966430664,112.22000122070312,110.22000122070312,111.09719848632812,39231805.0,3.0,-2.280720836096222,120.12268158731202,109.70182784261964,37.263203539772,-136.1174658808404,46.268713425846855,116.04183680216472,121.93530019124348,0.775395020270922,medium,0.005131635875286866
2025-03-06 20:30:00+00:00,87,NVDA,111.08999633789062,111.4999008178711,110.41000366210938,110.58000183105467,30010571.0,3.0,-2.3603489247370817,120.22665278622829,109.49485676577366,36.76304966706439,-133.55938288701606,46.268713425846855,115.7121701558431,121.53496678670248,0.8815697670249114,medium,-0.004655352811053115
2025-03-07 14:30:00+00:00,88,NVDA,111.18000030517578,113.4800033569336,110.7300033569336,111.04000091552734,76024654.0,4.0,-2.3591419569651606,120.2917032539981,109.35080620645113,37.53446528218918,-101.115572831995,29.008794231344996,115.350670115153,121.14196688334148,0.0688035560131017,low,0.004159875898496201
2025-03-07 15:30:00+00:00,89,NVDA,111.0199966430664,111.79000091552734,109.51190185546876,109.6999969482422,54624751.0,4.0,-2.43820642169122,120.3990117060736,108.612477399151,36.20357770189626,-131.4595381059263,34.12084142148999,114.8390032450358,120.75830014546712,3.035984361080793,high,-0.012067758971872955
2025-03-07 16:30:00+00:00,90,NVDA,109.70500183105467,110.0,107.55999755859376,109.00499725341795,51020128.0,4.0,-2.5278072580672273,120.46671517825264,107.82527395748956,35.527681826250074,-159.70046575661794,41.3545848986012,114.48883641560872,120.36554997762045,2.828059169443335,high,-0.006335457740734074
2025-03-07 17:30:00+00:00,91,NVDA,109.0,111.29000091552734,108.6999969482422,110.50890350341795,45996375.0,4.0,-2.449230693882413,120.06121693338254,107.5046728066077,38.11398956493762,-115.30644799627868,31.178669749966954,114.19846649169922,120.03903160095214,0.2472263665499462,low,0.013796672518634034
2025-03-07 18:30:00+00:00,92,NVDA,110.52999877929688,112.51499938964844,110.33000183105467,112.25,34597993.0,4.0,-2.220865509179717,119.2781543978366,107.6237354031888,40.950899410579005,-67.51469852724938,22.245498138408458,113.99313303629556,119.82086499532063,2.5750470985685974,high,0.01575525990562565
2025-03-07 19:30:00+00:00,93,NVDA,112.26000213623048,112.91999816894533,111.29499816894533,112.6050033569336,32459442.0,4.0,-1.9883185524159048,118.99836835141616,107.56802187685533,41.5163831825954,-47.70838296062973,19.37254352770496,113.90529988606772,119.59444834391276,1.6861849868475016,high,0.0031626134247981774
2025-03-07 20:30:00+00:00,94,NVDA,112.5999984741211,113.0999984741211,111.03500366210938,112.7300033569336,29030527.0,4.0,-1.773493232416726,118.69769552198852,107.54469491990602,41.719679541511155,-43.98698386064341,20.652233453481987,113.79480005900064,119.33119850158693,1.219487857984771,medium,0.0011100750079797717
2025-03-10 13:30:00+00:00,95,NVDA,109.88999938964844,111.8499984741211,108.01000213623048,108.06439971923828,74631134.0,0.0,-1.9571569530036896,118.65392301071202,106.85391771804774,36.78271263171589,-117.3729916451188,33.73327741169682,113.62461344401042,118.99277191162108,2.073795366907034,high,-0.041387416825694134
2025-03-10 14:30:00+00:00,96,NVDA,108.06999969482422,108.27999877929688,106.18000030517578,107.658203125,62308207.0,0.0,-2.1111523945651385,118.34085663326424,106.27649413577872,36.39482089081413,-152.01732910220397,40.11735684086574,113.41288681030274,118.66590868631998,1.8024548395326019,high,-0.0037588382047522018
2025-03-10 15:30:00+00:00,97,NVDA,107.66010284423828,108.91999816894533,106.8499984741211,108.08499908447266,43453261.0,0.0,-2.173698975721564,117.91058909578996,105.88826191739363,37.115624264510245,-127.54457184247016,35.24633554526076,113.2953867594401,118.32040863037108,1.0039761922265873,medium,0.003964360792619859
2025-03-10 16:30:00+00:00,98,NVDA,108.08999633789062,108.8499984741211,106.51000213623048,107.06009674072266,36616744.0,0.0,-2.279689800622208,117.25235903797038,105.5415214246761,36.09935403116399,-128.83410200093772,36.49994021605674,113.1363899230957,117.99424362182616,1.0657700588851144,medium,-0.009482373617350937
2025-03-10 17:30:00+00:00,99,NVDA,107.05500030517578,107.31999969482422,106.2300033569336,106.76000213623048,31503406.0,0.0,-2.3606908449839636,116.2652355683678,105.43864474169078,35.8024174218195,-133.115692874145,37.56402623063689,112.82804997762044,117.5994103749593,0.8594000069374417,medium,-0.0028030481349081704
2025-03-10 18:30:00+00:00,100,NVDA,106.76000213623048,107.4000015258789,105.45999908447266,106.64990234375,44627698.0,0.0,-2.406033631334381,115.1265272981476,105.51334315473326,35.6909945022406,-130.32838769710287,40.49528830695285,112.50971349080405,117.16999219258626,1.4677530045714522,medium,-0.0010312831610849171
2025-03-10 19:30:00+00:00,101,NVDA,106.6500015258789,107.91000366210938,106.29000091552734,107.0199966430664,39086074.0,0.0,-2.3846162277451413,114.44997644852282,105.40745381881118,36.37950156789712,-112.20665272395368,35.97545078380205,112.15138346354166,116.74437891642252,0.3635930688373728,low,0.0034701794486742266
2025-03-11 13:30:00+00:00,102,NVDA,107.00499725341795,110.98999786376952,106.0999984741211,106.30999755859376,97478690.0,1.0,-2.3972992005861897,113.89704766223426,105.18538260509972,35.62261456142936,-91.88010933143173,12.591928902135647,111.73205006917318,116.34329223632812,1.4146384104943628,medium,-0.006634265620850566
2025-03-11 14:30:00+00:00,103,NVDA,106.30500030517578,109.44000244140624,104.7699966430664,108.8949966430664,60995863.0,1.0,-2.1737056004827906,113.65373451028267,105.15463569845754,40.30071255093163,-89.2044037155689,19.02017212295772,111.49654998779296,115.99337552388508,6.998299523896736,high,0.02431567250340594
2025-03-11 15:30:00+00:00,104,NVDA,108.87999725341795,110.5999984741211,108.27999877929688,108.81999969482422,36587643.0,1.0,-1.979736518204774,113.40329328880928,105.13357652320244,40.21301064663984,-50.26370906650184,11.383081338645228,111.258216603597,115.62804209391275,1.6587354924938518,high,-0.0006887088530616037
2025-03-11 16:30:00+00:00,105,NVDA,108.80500030517578,109.4000015258789,107.4800033569336,107.55999755859376,28235528.0,1.0,-1.905718330498729,113.2772916765425,104.9625780133989,38.74749364562027,-71.7428262428648,15.38571428513819,110.99655329386393,115.22870864868165,0.017090872247412448,low,-0.011578773568866163
2025-03-11 17:30:00+00:00,106,NVDA,107.56500244140624,110.73999786376952,107.4499969482422,110.43000030517578,32990769.0,1.0,-1.597063197035908,113.1874507730656,104.98569909876058,43.59148363590823,-34.46256271751109,6.752234054768404,110.79211654663088,114.94454193115234,2.4004693059088718,high,0.026682807844232048
2025-03-11 18:30:00+00:00,107,NVDA,110.44000244140624,112.23600006103516,109.9800033569336,110.80860137939452,45716228.0,1.0,-1.3068374290343598,113.21763841246089,104.97837141419927,44.193745048147846,8.536344596034066,1.9987665462064157,110.6100700378418,114.68668530782064,1.5515183280998972,high,0.0034284259093766423
2025-03-11 19:30:00+00:00,108,NVDA,110.80999755859376,111.02989959716795,108.63999938964844,108.63999938964844,24887618.0,1.0,-1.23755372475037,112.99807228907498,104.9579373849973,41.564197503586925,-30.139769598779893,5.4245298097369865,110.32774327596027,114.3793519337972,0.5018739895374272,low,-0.019570700854900758
2025-03-12 13:30:00+00:00,109,NVDA,114.12000274658205,116.76000213623048,113.87999725341795,114.6501007080078,103960062.0,2.0,-0.6897301620975043,113.97592715051434,104.4750928995345,50.07990646782623,147.2876804659216,20.89262149581897,110.22741317749023,114.16335360209148,4.01404524938575,high,0.05532125692309253
2025-03-12 14:30:00+00:00,110,NVDA,114.6500015258789,115.2291030883789,112.87999725341795,114.51000213623048,47132903.0,2.0,-0.2638394487978814,114.80324579691856,104.19827474141152,49.904535786465985,129.94955986824988,15.513264527438189,110.13474655151369,114.00943692525227,1.5096371650407492,medium,-0.001221966408334163
2025-03-12 15:30:00+00:00,111,NVDA,114.51090240478516,116.1050033569336,114.36009979248048,115.83499908447266,33633309.0,2.0,0.1785400910977301,115.77128355731745,103.7628465391181,51.56399366913418,165.42676714990526,18.892436392930893,110.16776657104492,113.90818684895834,1.5137432164947557,medium,0.01157101496396673
2025-03-12 16:30:00+00:00,112,NVDA,115.8499984741211,116.5999984741211,115.44000244140624,116.11499786376952,31306972.0,2.0,0.5454351877564818,116.5237690092845,103.396860873528,51.91222435209243,178.4118563886811,20.805918599774753,110.23626658121744,113.84327011108398,1.0638086659221957,medium,0.002417220887554583
2025-03-12 17:30:00+00:00,113,NVDA,116.11000061035156,116.26000213623048,114.3000030517578,115.55500030517578,29673338.0,2.0,0.7820006555328547,117.04354861460206,103.17208096303466,51.15135670654095,147.20126635666782,14.174598889105292,110.36691335042318,113.72368672688802,0.5260090748513186,low,-0.00482278404078984
2025-03-12 18:30:00+00:00,114,NVDA,115.55999755859376,116.04000091552734,115.08000183105467,115.4499969482422,25861035.0,2.0,0.9500559461944676,117.4955153456872,102.99211359108038,51.00634469159848,139.10102426987262,14.174598889105296,110.4974131266276,113.62185338338216,0.16314262964228193,low,-0.000908687262829555
2025-03-12 19:30:00+00:00,115,NVDA,115.43000030517578,115.97989654541016,114.9800033569336,115.73999786376952,25027420.0,2.0,1.094030324490575,118.1990293308817,103.056159420339,51.39998779809173,127.11865963060322,13.549837162260149,110.6710797627767,113.51450335184732,0.4066374473352027,low,0.0025119179141885883
2025-03-13 13:30:00+00:00,116,NVDA,117.0199966430664,117.76000213623048,113.79000091552734,116.65499877929688,85359507.0,3.0,1.267354707306069,118.9683574240736,103.18651089257678,52.64193232601414,127.09552402595226,21.70266020289892,110.85633977254231,113.44908828735352,3.539017124808333,high,0.007905658652286762
2025-03-13 14:30:00+00:00,117,NVDA,116.65499877929688,117.25,115.61000061035156,116.08000183105467,39262209.0,3.0,1.3428386728167538,119.53802785391774,103.41634073739084,51.781712404063505,119.99064195241372,21.70266020289893,111.03967310587564,113.37592163085938,0.3606817275960135,low,-0.004929038226043403
2025-03-13 15:30:00+00:00,118,NVDA,116.08000183105467,116.6999969482422,115.41000366210938,115.86090087890624,31632519.0,3.0,1.3691973883837392,119.923475949194,103.91097305593294,51.450300903804845,103.64220426113036,20.246796521755527,111.20036977132162,113.2755199432373,0.0720401457661575,low,-0.0018874995579972742
2025-03-13 16:30:00+00:00,119,NVDA,115.8499984741211,116.8000030517578,114.4499969482422,115.26499938964844,30548149.0,3.0,1.3267091135352302,120.09481460030575,104.590134130163,50.540216386263,85.86406752324814,13.292753542287578,111.38586985270182,113.1124365488688,1.5327856560919084,medium,-0.005143249230218028
2025-03-13 17:30:00+00:00,120,NVDA,115.26499938964844,116.9499969482422,115.11019897460938,116.9499969482422,28164566.0,3.0,1.4127171465926267,120.38271371689692,105.33224447402104,52.973456289050496,95.61338029484666,14.12223673872178,111.65070317586265,113.06976979573568,2.0286865959052895,high,0.014618466728982593
2025-03-13 18:30:00+00:00,121,NVDA,116.9499969482422,117.7300033569336,115.88999938964844,116.00499725341795,31767650.0,3.0,1.388618425935448,120.42649625531158,106.18696199664154,51.50343191383694,92.34642323717722,18.458533493132993,111.83390630086264,113.01618639628092,0.23655962215997026,low,-0.008080373830556598
2025-03-13 19:30:00+00:00,122,NVDA,116.01000213623048,116.3499984741211,115.12000274658205,115.70999908447266,26425577.0,3.0,1.3303803330154125,120.15409215041728,107.39936625412372,51.045987065156744,71.2300175556081,12.465955368058609,111.94923960367838,112.97118631998698,0.5326717796218409,low,-0.0025429781124072237
2025-03-14 13:30:00+00:00,123,NVDA,118.62000274658205,120.56500244140624,118.1500015258789,119.52490234375,80054675.0,4.0,1.5739139352225209,120.74408681031346,107.87236216429592,56.244966063798856,128.74708449754866,32.4593110103201,112.17990290323893,113.04260139465332,5.7530624245608974,high,0.032969521125761236
2025-03-14 14:30:00+00:00,124,NVDA,119.52899932861328,121.19000244140624,119.5000991821289,120.93000030517578,37708775.0,4.0,1.858867860538723,121.4533404105124,108.37410862513212,57.946641694678696,134.7102147807158,34.819108406098756,112.453236134847,113.12401809692383,2.49305435418798,high,0.011755692193621492
2025-03-14 15:30:00+00:00,125,NVDA,120.93000030517578,121.87999725341795,120.5,120.51499938964844,33893954.0,4.0,2.02783319496902,121.57980822190088,109.54314099684912,57.26616607331398,131.23187792674028,37.400247170689376,112.86825612386068,113.24643478393554,1.172172350667591,medium,-0.0034317449307869063
2025-03-14 16:30:00+00:00,126,NVDA,120.51010131835938,121.28500366210938,120.36000061035156,120.54499816894533,22384234.0,4.0,2.1394972975581084,121.96877526995208,110.16567373517486,57.30365929326937,120.51754557584276,36.23018639599999,113.29781595865886,113.3553513844808,0.802920722920618,medium,0.0002489215404624101
2025-03-14 17:30:00+00:00,127,NVDA,120.54000091552734,120.8593978881836,120.11000061035156,120.2750015258789,19595435.0,4.0,2.1810634884866147,122.1788732222308,110.9022157975446,56.83934931415761,110.0691060912752,34.05112764251995,113.7041493733724,113.49976806640623,0.3857777703120496,low,-0.0022397996363815453
2025-03-14 18:30:00+00:00,128,NVDA,120.27999877929688,121.06849670410156,120.25,120.58499908447266,23734973.0,4.0,2.2135033180935153,121.6756102084192,112.59997878083864,57.25076155576608,109.88009926705638,34.98097424351679,114.1549794514974,113.64568468729657,0.43534019448146594,low,0.002577406399176363
2025-03-14 19:30:00+00:00,129,NVDA,120.58999633789062,121.8000030517578,120.58000183105467,121.4499969482422,29113451.0,4.0,2.2826967085637904,122.24401819395068,112.7115604193306,58.39550842357704,117.80617454919968,38.237532087011466,114.64464594523112,113.73634796142578,3.74806881842029,high,0.00717334552669846
2025-03-17 13:30:00+00:00,130,NVDA,122.7375030517578,122.88999938964844,119.5,119.53500366210938,74495804.0,0.0,2.1581314194850165,122.36453839719684,113.0935403686723,55.02118652239286,105.36768502303929,42.800828822655475,115.07414932250975,113.7919314066569,2.52920480438283,high,-0.015767750796642055
2025-03-17 14:30:00+00:00,131,NVDA,119.54000091552734,120.2699966430664,118.87999725341795,119.29499816894533,34677303.0,0.0,2.0167977044331735,122.4979998372492,113.3060788370672,54.612045811384206,81.3803623221154,36.661342687314566,115.48331604003906,113.81734975179036,1.7204835735681825,high,-0.0020078260410019144
2025-03-17 15:30:00+00:00,132,NVDA,119.30500030517578,119.70999908447266,118.27999877929688,118.36509704589844,24933399.0,0.0,1.8089025651103725,122.53586942246676,113.49321917006252,53.03147026348984,63.01711253575896,30.842067162829252,115.88515268961588,113.80860137939452,2.160597084240475,high,-0.007794971602497203
2025-03-17 16:30:00+00:00,133,NVDA,118.37000274658205,119.25,118.02999877929688,119.17489624023438,24739657.0,0.0,1.6900068496322973,122.59034911635108,113.80072906968404,54.22496182636694,59.01410367135925,28.40669981004759,116.22781600952148,113.86218299865725,0.561598117321064,low,0.006841537028621891
2025-03-17 17:30:00+00:00,134,NVDA,119.1750030517578,120.56999969482422,119.0,120.5,24394177.0,0.0,1.6833018813087648,122.75813995959786,114.13793853161307,56.11272206855224,80.46008804419168,35.21287763065889,116.61714935302734,113.93768297831215,0.8194353765091753,medium,0.01111898396030031
2025-03-17 18:30:00+00:00,135,NVDA,120.48999786376952,121.08000183105467,120.2300033569336,120.3644027709961,25289938.0,0.0,1.648048900607023,122.87224370098669,114.48627528094693,55.86882205746584,86.38869705699692,37.660563289326475,117.04396286010744,114.02025807698568,1.2900610221017195,medium,-0.0011252882075013515
2025-03-17 19:30:00+00:00,136,NVDA,120.36000061035156,120.46499633789062,119.41999816894533,119.4800033569336,21588433.0,0.0,1.5310974792704002,122.91556014811984,114.72545929157742,54.277026035841025,62.05362388610249,29.362893011509488,117.34562962849937,114.06887308756512,0.06720625540104104,low,-0.007347682485037921
2025-03-18 13:30:00+00:00,137,NVDA,118.0500030517578,118.5199966430664,114.54000091552734,115.83999633789062,72291232.0,1.0,1.1316495381938836,122.938630558428,114.67838833195285,48.40503395709318,-35.79800531211869,6.811690371408084,117.51334279378256,114.06170641581215,4.236801773323471,high,-0.030465407739978412
2025-03-18 14:30:00+00:00,138,NVDA,115.83000183105467,116.95999908447266,115.4800033569336,116.75499725341795,33542033.0,1.0,0.8787869845925798,122.86670657683756,114.83972195099447,49.81682403386174,-43.458682656579526,6.81169037140808,117.78384272257487,114.05579299926758,1.223970446942733,medium,0.007898834119938858
2025-03-18 15:30:00+00:00,139,NVDA,116.75499725341795,117.68000030517578,116.1801986694336,117.63999938964844,26841463.0,1.0,0.741259091816886,122.66628837958493,115.27764014824712,51.15414770876587,-22.701003959053168,2.0027779772301737,117.8835060119629,114.05545959472656,0.4405359594139056,low,0.007579993636671389
2025-03-18 16:30:00+00:00,140,NVDA,117.63999938964844,119.0199966430664,116.94000244140624,117.15499877929688,37041485.0,1.0,0.5863724138384327,122.65398593847068,115.31044277246684,50.39282580466569,-9.897969337463817,6.382530603716983,117.97167256673175,114.05320955912272,0.45812292238221125,low,-0.004122752574531541
2025-03-18 17:30:00+00:00,141,NVDA,117.16999816894533,117.6500015258789,115.7406997680664,116.63870239257812,38658434.0,1.0,0.4171541092015189,122.587109983377,115.4406892414765,49.580227255947406,-46.414452069296864,1.3743286016022986,117.99846267700195,114.08311462402344,0.5446530021855344,low,-0.004406951407096016
2025-03-18 18:30:00+00:00,142,NVDA,116.63999938964844,117.58000183105467,115.97000122070312,116.13500213623048,32486323.0,1.0,0.2396405553847529,122.5298213266232,115.5404782034061,48.78626250587224,-51.30306469754561,1.374328601602306,117.999129486084,114.11769803365073,1.0051641236125193,medium,-0.004318465878095146
2025-03-18 19:30:00+00:00,143,NVDA,116.13999938964844,116.29000091552734,114.9499969482422,115.58000183105467,26592776.0,1.0,0.0535585096124577,122.6473263543019,115.02848312445786,47.91172424279759,-84.57147400923671,7.900710065802221,117.99996287027994,114.18343811035156,2.270292080695113,high,-0.00477892362308463
2025-03-19 13:30:00+00:00,144,NVDA,117.30500030517578,118.16000366210938,115.68000030517578,116.98999786376952,64324915.0,2.0,0.0196356956243732,122.40198668287772,114.8798225517414,50.25528460211875,-41.218799162322,4.485936684213671,118.05129623413086,114.27435468037925,0.4431673485107766,low,0.012199307928510539
2025-03-19 14:30:00+00:00,145,NVDA,116.98570251464844,117.41999816894533,116.29499816894533,117.24500274658205,25356228.0,2.0,0.0131764936002554,122.17929402852825,114.77551554178427,50.67052207905118,-42.34591101214369,4.485936684213679,118.10146306355794,114.38627141316732,1.1541007348731753,medium,0.002179715253174619
2025-03-19 15:30:00+00:00,146,NVDA,117.24500274658205,118.0999984741211,117.0,118.0250015258789,26815588.0,2.0,0.0701878306067413,121.9263508418148,114.77645906419106,51.93993419068375,-18.85978976466262,8.834580519573676,118.14712982177734,114.50173479715984,2.2516419426147305,high,0.006652725156933048
2025-03-19 16:30:00+00:00,147,NVDA,118.0199966430664,118.25,117.2699966430664,117.45860290527344,19938862.0,2.0,0.0688721752717071,121.68701385126602,114.73415619267932,50.95493941087371,-22.85809033643782,9.80292357970661,118.19308319091796,114.6163781483968,0.6932434668567737,low,-0.004798971516905892
2025-03-19 17:30:00+00:00,148,NVDA,117.45999908447266,119.26000213623048,117.33699798583984,118.53600311279295,31708228.0,2.0,0.1530029783837534,121.40612610280736,114.81014434397,52.719328229727445,1.3942900277173211,16.20892709379738,118.28225326538086,114.74131151835124,1.6205193620427438,high,0.009172595117519
2025-03-19 18:30:00+00:00,149,NVDA,118.53099822998048,120.44499969482422,118.18000030517578,118.25,42933049.0,2.0,0.194358738452351,120.85020795829011,115.046062793663,52.20360525333247,20.724611190052777,23.062132018581384,118.3817532857259,114.88381156921386,0.958715048974303,medium,-0.002412795313511684
2025-03-19 19:30:00+00:00,150,NVDA,118.26499938964844,119.08000183105467,117.38999938964844,117.5199966430664,28863345.0,2.0,0.166311174551808,120.65589686919688,115.03887318085194,50.8891400941935,-22.117410134505153,16.28429876680895,118.40075327555338,115.025728225708,0.7091103643668604,low,-0.006173389910643534
2025-03-20 13:30:00+00:00,151,NVDA,116.5250015258789,119.44000244140624,116.47000122070312,118.9000015258789,59212296.0,3.0,0.2525271630073575,120.59858888640385,115.05668149933835,53.193922107090685,-13.368500633764194,8.823067954916446,118.49725341796876,115.16557985941569,2.0257631343244755,high,0.011742723980871617
2025-03-20 14:30:00+00:00,152,NVDA,118.91000366210938,119.90499877929688,118.68009948730467,119.63999938964844,28942276.0,3.0,0.3762286683030567,120.77092361100364,115.01183700911352,54.38151149665534,33.50415613513719,11.877989485707262,118.62825342814128,115.28874651590984,2.3866501253629386,high,0.0062236993631028525
2025-03-20 15:30:00+00:00,153,NVDA,119.62000274658205,120.1999969482422,118.18990325927734,118.29000091552734,36844183.0,3.0,0.3611661099204752,120.67028193941168,115.02398914823482,51.89650112997746,10.305096787847624,7.807485993458261,118.58709004720052,115.38349647521972,0.3560320192653322,low,-0.01128383885830997
2025-03-20 16:30:00+00:00,154,NVDA,118.30999755859376,118.7750015258789,117.81999969482422,117.88899993896484,29469743.0,3.0,0.3132604251949971,120.24979385396632,115.18337722757666,51.17788873197156,-21.30221933448768,4.733710006569392,118.48572336832682,115.46947975158692,0.7942594204081681,medium,-0.0033899820226467314
2025-03-20 17:30:00+00:00,155,NVDA,117.9000015258789,119.06999969482422,117.83999633789062,118.0791015625,20595474.0,3.0,0.2873223638237618,119.81904102638548,115.38559993430786,51.50719318370081,-9.27824251372561,6.994328252853345,118.40452677408854,115.6363914489746,0.4388173008962262,low,0.001612547596752778
2025-03-20 18:30:00+00:00,156,NVDA,118.06500244140624,118.68000030517578,117.73999786376952,118.04499816894533,21977978.0,3.0,0.261005693305492,119.57780691864096,115.48333352325356,51.44279988530689,-14.72899604835992,6.082174314752043,118.3211934407552,115.80950469970703,0.7212518016529277,medium,-0.00028881819986259494
2025-03-20 19:30:00+00:00,157,NVDA,118.0500030517578,118.91999816894533,118.0500030517578,118.47000122070312,18320216.0,3.0,0.2713161727455713,119.58625123254907,115.7378896976267,52.212994211983755,7.110187474032791,8.092362347871875,118.26102676391602,115.9825880686442,0.11397958891825521,low,0.0036003478194774896
2025-03-21 13:30:00+00:00,158,NVDA,116.95800018310548,117.66999816894533,115.41999816894533,116.46939849853516,77008403.0,4.0,0.1167100215613459,119.60428290423197,115.69129815045552,48.469259013837345,-101.4401084099998,13.576391020173457,118.1238400777181,116.13940976460776,7.424761984503342,high,-0.016886998409335385
2025-03-21 14:30:00+00:00,159,NVDA,116.47000122070312,117.0500030517578,116.0199966430664,116.29000091552734,23739474.0,4.0,-0.020061100906247,119.62889750554248,115.5316837017329,48.14900628350475,-99.42773514655542,13.576391020173448,117.95184020996092,116.29824307759604,1.951502370918607,high,-0.001540298012357888
2025-03-21 15:30:00+00:00,160,NVDA,116.29499816894533,117.62999725341795,116.2699966430664,117.3499984741211,22178576.0,4.0,-0.0424311369015129,119.6319702081797,115.54811096857811,50.16180479090741,-55.68705235187348,8.114807416253075,117.87900670369466,116.4765780131022,0.11928997128631648,low,0.009115122110659568
2025-03-21 16:30:00+00:00,161,NVDA,117.3550033569336,117.98999786376952,116.97000122070312,117.06500244140624,27230579.0,4.0,-0.0822086989160766,119.62010214025956,115.60260904138109,49.62599621299187,-35.38072385596101,4.771942713705851,117.80467351277667,116.64399477640788,0.27267518613414965,low,-0.0024285985208403194
2025-03-21 17:30:00+00:00,162,NVDA,117.06500244140624,117.55999755859376,116.81999969482422,117.19110107421876,14765667.0,4.0,-0.1023774540146149,119.56195842568592,115.76636264975352,49.87108286085935,-42.43093817545768,6.065585846298284,117.7655403137207,116.82534650166828,0.07196382090437987,low,0.0010771676434693234
2025-03-21 18:30:00+00:00,163,NVDA,117.19000244140624,117.41000366210938,116.68499755859376,116.78500366210938,17897704.0,4.0,-0.1494077257385555,119.40803908801551,116.04078217052938,49.075616089802466,-54.55184160900537,7.277421491836665,117.6858772277832,116.95684661865236,0.18907696505365554,low,-0.0034652580988397963
2025-03-21 19:30:00+00:00,164,NVDA,116.77999877929688,117.8000030517578,116.4000015258789,117.63500213623048,23788360.0,4.0,-0.1167460064956316,119.40540537205734,116.10791631373368,50.775675848001605,-28.56763863316644,3.167360253391423,117.59037729899087,117.10376332600912,1.6785454931227612,high,0.007278318683624718
2025-03-24 13:30:00+00:00,165,NVDA,119.88999938964844,121.06999969482422,119.33999633789062,120.4800033569336,60100425.0,0.0,0.1371257627279192,119.94682700301246,115.8899947438137,55.87603230679732,197.70588175205333,23.203688577643582,117.59423065185548,117.31909675598143,10.328492040328772,high,0.02418498889818843
2025-03-24 14:30:00+00:00,166,NVDA,120.47000122070312,122.22000122070312,120.33000183105467,122.04000091552734,34041886.0,0.0,0.4589097089563978,120.86118751858854,115.37713416720248,58.32541566515757,266.93774630533505,29.93643307556369,117.6795639038086,117.51259676615398,2.783372215809368,high,0.012948186546543283
2025-03-24 15:30:00+00:00,167,NVDA,122.04010009765624,122.22000122070312,121.3499984741211,121.75,21429703.0,0.0,0.6826559218972363,121.49733043354506,115.1701309617186,57.70934987431765,242.5554716927596,29.936433075563674,117.8765640258789,117.69495340983072,1.2663525522812094,medium,-0.0023762775594214913
2025-03-24 16:30:00+00:00,168,NVDA,121.75499725341795,122.08000183105467,121.37999725341795,121.72879791259766,15509433.0,0.0,0.8484847721077102,122.0032241144522,114.98351676079194,57.66328486763346,210.0138814689556,29.936433075563677,118.0423573811849,117.91310005187988,0.8294855359125677,medium,-0.0001741444550500404
2025-03-24 17:30:00+00:00,169,NVDA,121.7249984741211,121.9800033569336,121.55999755859376,121.81500244140624,13064300.0,0.0,0.9756150328658038,122.47893053238808,114.8643105869967,57.80494941790952,186.2254789070571,29.936433075563674,118.18152414957682,118.03251508076984,0.5946684761246913,low,0.0007081687348171606
2025-03-24 18:30:00+00:00,170,NVDA,121.81500244140624,122.08000183105467,121.6500015258789,121.79499816894533,16563480.0,0.0,1.0625046110655632,122.89508546969016,114.87565580228252,57.75855387347306,165.10017837694372,30.626978297289416,118.33619079589845,118.1539316813151,0.37595106008612494,low,-0.00016421846291492237
2025-03-24 19:30:00+00:00,171,NVDA,121.79499816894533,122.00990295410156,121.2300033569336,121.2300033569336,19638306.0,0.0,1.0734013655508647,123.14649959373196,114.85724186134615,56.43510984015399,132.04258412453248,25.091619020098857,118.48923416137696,118.24384841918943,4.781284467388452,high,-0.004638899958995135
2025-03-25 13:30:00+00:00,172,NVDA,120.56749725341795,120.94000244140624,118.91999816894533,119.9800033569336,54305819.0,1.0,0.9699911148991588,123.17728687429344,114.8604549775132,53.62301903324558,57.8085155469589,0.1422515574481258,118.61740086873372,118.30826517740886,6.875200957453888,high,-0.010310978845060825
2025-03-25 14:30:00+00:00,173,NVDA,119.9800033569336,120.44000244140624,119.44499969482422,120.2615966796875,22280992.0,1.0,0.9003809429569714,123.2965406808612,114.93836074736146,54.155377254758655,56.69958655189055,0.1422515574481253,118.7734540303548,118.3867084503174,1.341780546327513,medium,0.002347002124313935
2025-03-25 15:30:00+00:00,174,NVDA,120.2699966430664,120.98999786376952,120.04000091552734,120.6602020263672,18179130.0,1.0,0.8673798849829097,123.44734972696622,115.06467190999666,54.91324683861561,73.6563041470801,5.28194940747053,118.89579416910809,118.47354520161949,0.4158486252498537,low,0.0033144857351377066
2025-03-25 16:30:00+00:00,175,NVDA,120.66999816894533,121.41000366210938,120.16999816894533,120.23500061035156,14869007.0,1.0,0.7977204828996207,123.53855919814666,115.1890523436014,53.92944670308353,69.52603803830364,9.101163891680516,118.99546076456706,118.5484619140625,0.749697260773659,medium,-0.003523957434802938
2025-03-25 17:30:00+00:00,176,NVDA,120.23999786376952,121.0199966430664,120.23670196533205,120.71510314941406,13385816.0,1.0,0.7723519746068774,123.66525807057636,115.32936396921856,54.8737714081215,66.46675867935363,9.101163891680518,119.0851308186849,118.61613032023112,0.49539811243544224,low,0.003993034778769555
2025-03-25 18:30:00+00:00,177,NVDA,120.72000122070312,120.9499969482422,120.51000213623048,120.69499969482422,13173791.0,1.0,0.7420709364090072,123.77982931715822,115.43729257004884,54.82509290140234,64.23213387961079,9.101163891680514,119.19301071166991,118.69304695129397,1.0458158992793887,medium,-0.00016653636591734688
2025-03-25 19:30:00+00:00,178,NVDA,120.69499969482422,121.29000091552734,120.51000213623048,120.6449966430664,13672618.0,1.0,0.705900980000834,123.7374806541748,115.89720104748535,54.700236528056514,63.882949055244715,12.58646085501146,119.26331049601237,118.7727818806966,0.5417124100810173,low,-0.00041429265408043925
2025-03-26 13:30:00+00:00,179,NVDA,118.75499725341795,118.83999633789062,114.45500183105467,115.11499786376952,89092370.0,2.0,0.2283787356915496,123.92857056212364,115.58861083436072,43.39410864948479,-123.24438587123151,34.918116548234835,119.15881042480468,118.7702818552653,27.319600271766035,high,-0.045836950832346846
2025-03-26 14:30:00+00:00,180,NVDA,115.11499786376952,115.63999938964844,114.73999786376952,115.16500091552734,34117276.0,2.0,-0.1443621380366551,124.18359680135754,115.11508483926748,43.50333871766233,-149.3061263551996,34.91811654823483,119.08031056722004,118.74053192138672,1.7626615503089806,high,0.0004343747790100938
2025-03-26 15:30:00+00:00,181,NVDA,115.16000366210938,115.4000015258789,113.56999969482422,114.03500366210938,35802958.0,2.0,-0.524892664585991,124.5666401665925,114.4290415961028,41.62555842000312,-164.17971552682144,40.46466134120153,118.91814397176108,118.7076986948649,1.459196568893731,medium,-0.009811984929751438
2025-03-26 16:30:00+00:00,182,NVDA,114.03500366210938,114.27999877929688,113.38999938964844,113.45999908447266,28403778.0,2.0,-0.8629167452599376,124.97704402712309,113.6455275365976,40.700770826781365,-165.86899430778237,41.28755615438288,118.71214396158854,118.67019869486492,1.1253529932295405,medium,-0.005042351551462931
2025-03-26 17:30:00+00:00,183,NVDA,113.46499633789062,113.79000091552734,112.70999908447266,113.6449966430664,29558918.0,2.0,-1.1031589776350614,125.27088282346033,113.0376880383561,41.13603148242898,-157.83115116791882,44.39147551839029,118.55731048583984,118.57220026652018,0.7112923492916077,low,0.0016305090788517607
2025-03-26 18:30:00+00:00,184,NVDA,113.6500015258789,113.7699966430664,112.76499938964844,113.26499938964844,26875607.0,2.0,-1.309124507801215,125.57111734878124,112.30045323837696,40.50429041555832,-146.19440031325271,44.3914755183903,118.40317713419596,118.4444502512614,1.2600378314265879,medium,-0.0033437218059978457
2025-03-26 19:30:00+00:00,185,NVDA,113.26499938964844,114.1500015258789,113.18000030517578,113.6999969482422,24048584.0,2.0,-1.4208740551626562,125.58341423900356,111.61015570728551,41.56697578260542,-122.24998682365168,39.676167746921415,118.25720698038737,118.33086687723797,0.2834957537698889,low,0.003840529386287317
2025-03-27 13:30:00+00:00,186,NVDA,111.34500122070312,113.2873992919922,110.66999816894533,112.81500244140624,68494954.0,3.0,-1.5628326748069554,125.3783890775454,110.89268102133154,40.061000460865735,-143.40440275137863,50.97925346425168,118.0828737894694,118.2020336151123,2.8024154544118085,high,-0.007783593057076543
2025-03-27 14:30:00+00:00,187,NVDA,112.80999755859376,114.4499969482422,112.6500015258789,113.5500030517578,33925620.0,3.0,-1.5976112292602664,125.03494785133024,110.4161225527225,41.87041077775567,-102.807032189975,38.16143866535578,117.91887385050455,118.08995030721027,0.483833784543772,low,0.006515096347520899
2025-03-27 15:30:00+00:00,188,NVDA,113.5500030517578,113.55999755859376,111.95999908447266,112.50499725341795,28975493.0,3.0,-1.6900152745911328,124.67350972574368,109.8551806123911,40.090401619547286,-115.4531403277959,41.32194944451209,117.786727142334,117.95528361002604,2.438489304856711,high,-0.0092030450925088
2025-03-27 16:30:00+00:00,189,NVDA,112.5,112.79000091552734,111.6500015258789,111.69139862060548,18461760.0,3.0,-1.8080546281135668,124.24119210526686,109.2751378507878,38.76316306160814,-120.75388163651094,42.727717696151,117.63344039916991,117.79264030456542,2.9474748930921253,high,-0.007231666616371202
2025-03-27 17:30:00+00:00,190,NVDA,111.69000244140624,112.53500366210938,111.5199966430664,112.1449966430664,18439363.0,3.0,-1.843746534316722,123.63465593968851,108.91667386377826,39.91050102828324,-111.07945959598356,43.33628440287352,117.45994033813476,117.6694735209147,0.8648776606100054,medium,0.00406117237372694
2025-03-27 18:30:00+00:00,191,NVDA,112.12999725341795,112.97000122070312,111.9499969482422,112.66999816894533,16703652.0,3.0,-1.808818458373679,122.98580145994131,108.70952782472664,41.22892449178725,-93.99752148260832,38.08807999418317,117.3134401957194,117.55905685424804,0.18327215305020095,low,0.004681452954605536
2025-03-27 19:30:00+00:00,192,NVDA,112.6636962890625,112.68499755859376,111.18000030517578,111.43000030517578,19127222.0,3.0,-1.859757049449783,122.54035289887442,108.29997608061778,39.13113267164299,-100.21765813337082,42.09953874729699,117.12140350341797,117.44347190856934,1.5659968351308489,high,-0.011005572769338334
2025-03-28 13:30:00+00:00,193,NVDA,111.48500061035156,112.87000274658205,109.26000213623048,109.27880096435548,67383364.0,4.0,-2.0500780348945113,122.11209084207094,107.62995856588805,35.856854680389915,-113.43879256278682,50.62655629445051,116.87119674682616,117.27853698730468,5.34263804754278,high,-0.01930538755208433
2025-03-28 14:30:00+00:00,194,NVDA,109.27999877929688,110.1500015258789,109.07990264892578,109.65499877929688,30806013.0,4.0,-2.145817123325756,121.37981713689932,107.26171194635262,36.81333802590397,-117.0902598438562,51.34504112122572,116.6051966349284,117.09778696695965,1.377051002804678,medium,0.0034425507200075423
2025-03-28 15:30:00+00:00,195,NVDA,109.65499877929688,110.18389892578124,109.0999984741211,109.58499908447266,24313542.0,4.0,-2.2019566454920323,120.57015554443628,107.00637338622778,36.70797439819772,-109.43651522159186,50.90322626734503,116.24202982584636,116.9181302388509,0.9644992824113499,medium,-0.0006383630076464142
2025-03-28 16:30:00+00:00,196,NVDA,109.58000183105467,110.1449966430664,109.23999786376952,109.4749984741211,22879578.0,4.0,-2.2296220560435955,119.42944844683616,107.0230700162986,36.5379731251376,-103.39622009114623,50.90322626734505,115.8231964111328,116.7513801574707,0.7146862178693545,medium,-0.0010037925926957847
2025-03-28 17:30:00+00:00,197,NVDA,109.48500061035156,110.41819763183594,109.36000061035156,110.01499938964844,19879394.0,4.0,-2.182811440780739,117.95593570674625,107.42858272587095,37.9962249989846,-93.52637474115198,46.95236332738616,115.4320297241211,116.654296875,0.1487725848992812,low,0.004932641452879194
2025-03-28 18:30:00+00:00,198,NVDA,110.01100158691406,110.61000061035156,109.86000061035156,109.91000366210938,21216107.0,4.0,-2.1296368408112016,116.00362019335938,108.30739894116208,37.82141880823416,-86.56159702484105,44.12060432708807,115.03806991577147,116.5402136484782,1.1364872061613411,medium,-0.0009543764770401086
2025-03-28 19:30:00+00:00,199,NVDA,109.91000366210938,110.02999877929688,109.4000015258789,109.63999938964844,21276045.0,4.0,-2.0852452660933665,115.62083434383216,108.14268494327722,37.36412695608646,-90.57720202931723,46.75120435488419,114.63223648071288,116.40688031514486,0.38845385553693124,low,-0.002456594153986136
2025-03-31 13:30:00+00:00,200,NVDA,105.11000061035156,106.01000213623048,103.6500015258789,103.88999938964844,87254622.0,0.0,-2.485391522185168,116.19848633222016,106.43753280230132,29.505036776197727,-176.5780576433759,67.31275928546306,114.03540318806968,116.18579699198403,25.60959512688353,high,-0.05244436366298344
2025-03-31 14:30:00+00:00,201,NVDA,103.8949966430664,105.52999877929688,103.8949966430664,105.1895980834961,38342264.0,0.0,-2.666901182893895,116.29313455122563,105.45834402543451,32.80942067312722,-164.84647433756336,67.31275928546306,113.50072301228842,115.99497858683269,1.289519514829507,medium,0.012509372427401688
2025-03-31 15:30:00+00:00,202,NVDA,105.18000030517578,106.01000213623048,104.7699966430664,105.9800033569336,26299485.0,0.0,-2.715665297728876,116.193767706296,104.80971129761026,34.73420408468667,-143.074975488337,61.36888276439566,113.03405634562176,115.82572860717774,0.5927596437974498,low,0.007514101088304415
2025-03-31 16:30:00+00:00,203,NVDA,105.9749984741211,106.25,105.30999755859376,105.72000122070312,20941158.0,0.0,-2.7436639592763328,115.97675440296398,104.23422505870596,34.39887741535264,-132.5343677641345,58.36198643258867,112.54933649698891,115.66139526367188,0.4433551536514996,low,-0.0024533131533767127
2025-03-31 17:30:00+00:00,204,NVDA,105.72889709472656,107.56999969482422,105.55999755859376,107.55010223388672,21222498.0,0.0,-2.588342442807118,115.59911487220006,104.04037487389368,38.70750952683295,-105.2403243633828,42.72578508026877,112.11233317057292,115.50406366984048,0.6835730478889964,low,0.017310830420471213
2025-03-31 18:30:00+00:00,205,NVDA,107.5500030517578,108.13999938964844,107.12000274658205,107.23999786376952,30430998.0,0.0,-2.461892686576391,115.08182782533754,103.91166201230894,38.26694651354794,-87.52118433200556,36.504340141943075,111.67916641235352,115.33731358846028,1.1871232661868114,medium,-0.0028833479808585416
2025-03-31 19:30:00+00:00,206,NVDA,107.25,108.95999908447266,107.13009643554688,108.7699966430664,30493185.0,0.0,-2.212715422957956,114.66236579509376,103.92662346271877,41.65627316280592,-66.03061742599435,27.928829113948098,111.28099619547524,115.18306350708008,2.4007715072764486,high,0.014267053429453558
2025-04-01 13:30:00+00:00,207,NVDA,108.53250122070312,109.09369659423828,106.47000122070312,107.12999725341795,56995789.0,1.0,-2.123101103081197,114.02859217861172,103.9183964993668,39.265789082503666,-76.74359516125548,31.62512464422319,110.8288294474284,115.01092007954917,0.06284402002426447,low,-0.015077681716127889
2025-04-01 14:30:00+00:00,208,NVDA,107.14350128173828,109.48999786376952,107.0749969482422,108.91089630126952,31564223.0,1.0,-1.8866295483282585,113.56802044790793,104.01955813485576,42.94391254136231,-50.935093208190175,27.43079951584769,110.4376927693685,114.85050163269042,1.494646694929553,medium,0.01662371971912613
2025-04-01 15:30:00+00:00,209,NVDA,108.91999816894533,109.92990112304688,108.58000183105467,109.4000015258789,25262661.0,1.0,-1.6408428188711923,113.26700466797676,104.09143420531426,43.909012402236414,-26.285329706325346,22.788054553707727,110.2471928914388,114.70300165812176,1.7296995095250913,high,0.00449087502922052
2025-04-01 16:30:00+00:00,210,NVDA,109.41000366210938,109.45500183105467,108.4499969482422,108.80120086669922,19506598.0,1.0,-1.4773433789305983,112.8020705659716,104.2219887296827,42.98809290191629,-33.382403945696836,23.66663394854747,110.03506622314453,114.5576883951823,0.49309663874214277,low,-0.0054734977223747094
2025-04-01 17:30:00+00:00,211,NVDA,108.8000030517578,109.2300033569336,107.41000366210938,107.71990203857422,18839819.0,1.0,-1.4186671615178312,112.0906052588932,104.438444423724,41.36735613379135,-52.09507303471437,30.435540252106293,109.82456283569336,114.3713534037272,1.0247077397425666,medium,-0.00993829865398066
2025-04-01 18:30:00+00:00,212,NVDA,107.70999908447266,108.95999908447266,107.63999938964844,108.61129760742188,20397955.0,1.0,-1.2854201405425556,111.6550273490434,104.5921520637984,43.193806969899946,-40.161089099085515,30.435540252106293,109.662939453125,114.18754170735676,0.23410776660401006,low,0.008275124206188478
2025-04-01 19:30:00+00:00,213,NVDA,108.61000061035156,110.1999969482422,108.55999755859376,110.1500015258789,23879667.0,1.0,-1.0436300520891135,111.77915831563112,104.55514115336304,46.18718825498799,2.597922939100616,16.37559018102441,109.54643961588542,114.05187505086263,2.3764498630126565,high,0.014167070575095364
2025-04-02 13:30:00+00:00,214,NVDA,107.3000030517578,109.72000122070312,106.79000091552734,108.99859619140624,52456911.0,2.0,-0.9341501513260796,111.70106019313435,104.56759901707072,44.377012074896946,-31.042000089590207,28.18710206716321,109.404226175944,113.90370165506998,0.06847417174705567,low,-0.010453066895347751
2025-04-02 14:30:00+00:00,215,NVDA,109.0,110.48999786376952,108.68000030517578,110.25,24990782.0,2.0,-0.7379026300845766,111.80298889119388,104.53217041056394,46.7245827358013,19.759972528894185,20.286342763400057,109.28922627766929,113.77321662902833,1.5966011103825608,high,0.011480916748654701
2025-04-02 15:30:00+00:00,216,NVDA,110.23999786376952,111.15499877929688,109.61000061035156,111.15239715576172,20802108.0,2.0,-0.5037522049476024,112.08581112182108,104.4170880481008,48.35070159848384,53.83690592290796,13.810392139675326,109.23380610148112,113.65833994547526,1.8775085747635705,high,0.008185008215525702
2025-04-02 16:30:00+00:00,217,NVDA,111.15129852294922,111.9800033569336,110.1500015258789,111.23500061035156,24736543.0,2.0,-0.3079708019248812,112.3006720052221,104.3242272867701,48.4995554769327,78.28388377966603,6.226080392158277,109.15663935343424,113.5377566019694,1.3680940599532085,medium,0.0007431549539511639
2025-04-02 17:30:00+00:00,218,NVDA,111.22000122070312,111.25,109.31999969482422,109.3249969482422,23167039.0,2.0,-0.303436139532053,112.23045872195364,104.33593989865184,45.37174481688023,38.00602894329247,12.49716645741926,109.05063934326172,113.41868324279784,1.135883804849025,medium,-0.017170887325294037
2025-04-02 18:30:00+00:00,219,NVDA,109.3000030517578,110.12999725341795,108.8499984741211,109.6500015258789,20996629.0,2.0,-0.2704990885634402,112.2316850977173,104.33571373651122,45.984936314949735,25.147725724251224,15.901503533911152,108.9825927734375,113.30801658630372,0.5297934399995828,low,0.0029728295148325756
2025-04-02 19:30:00+00:00,220,NVDA,109.6449966430664,110.76000213623048,109.38999938964844,110.37999725341795,18771615.0,2.0,-0.1833778186440042,112.0729137136987,105.14348490690678,47.357921715047894,57.304772987098005,9.78154603583941,108.92375946044922,113.191849899292,0.06670677475238376,low,0.00665750768244866
2025-04-03 13:30:00+00:00,221,NVDA,103.50499725341795,105.62999725341795,103.26219940185548,105.1500015258789,88390819.0,3.0,-0.5302382741103173,112.07919446028568,105.13324450455808,39.85052528376302,-171.2207413795124,41.75750933769261,108.67309290568032,112.99326655069989,6.034362801487528,high,-0.04738173453231442
2025-04-03 14:30:00+00:00,222,NVDA,105.1500015258789,105.4291000366211,102.01000213623048,102.96990203857422,61147077.0,3.0,-0.9698635100115212,112.60326702085496,104.30816181215286,37.3006917093073,-197.8578599519239,45.942693063191165,108.39108963012696,112.75624656677246,2.625965068270043,high,-0.020733233054382127
2025-04-03 15:30:00+00:00,223,NVDA,102.95500183105467,104.19000244140624,102.88500213623048,103.66100311279295,32422689.0,3.0,-1.2481160905091429,112.87181357301624,103.83371544920058,38.589269263780146,-169.22555013834906,45.942693063191165,108.20382970174154,112.53751322428386,1.179103991010042,medium,0.006711680408900911
2025-04-03 16:30:00+00:00,224,NVDA,103.66999816894533,103.87000274658205,102.75,103.0199966430664,30347849.0,3.0,-1.503031123065128,113.23088302993553,103.02163543319924,37.84303047127414,-159.69387429594747,46.41704051013333,107.98266296386718,112.2939297993978,0.9726805850881324,medium,-0.006183679980687362
2025-04-03 17:30:00+00:00,225,NVDA,103.0198974609375,103.36000061035156,102.3000030517578,102.625,22282652.0,3.0,-1.717132021830082,113.5558070474982,102.2352116292596,37.382211336704685,-154.60677594256,48.0415816273977,107.75066299438475,111.99634641011556,0.7742336681540621,medium,-0.003834174489783293
2025-04-03 18:30:00+00:00,226,NVDA,102.62999725341795,104.0999984741211,102.53500366210938,102.6685028076172,33686143.0,3.0,-1.8618361257040303,113.69273043746222,101.48813885575066,37.46896490621515,-129.479468878783,40.550885320334736,107.5237798055013,111.67348810831706,0.8142022676564853,medium,0.0004239006832369441
2025-04-03 19:30:00+00:00,227,NVDA,102.66999816894533,103.01000213623048,102.0,102.01000213623048,26008403.0,3.0,-2.00652074924065,113.92787777424915,100.74099200724498,36.67335091304965,-136.08675895904042,42.7881355402965,107.2569465637207,111.3444881439209,2.360066657077955,high,-0.006413852869955994
2025-04-04 13:30:00+00:00,228,NVDA,98.94000244140624,100.12409973144533,94.55999755859376,94.60579681396484,144457921.0,4.0,-2.6876601723148497,115.27396595064036,97.96439388212332,29.40954125272411,-253.0294658762243,63.31242689760739,106.74680633544922,110.89243812561035,13.550171897801425,high,-0.0725831307441559
2025-04-04 14:30:00+00:00,229,NVDA,94.6050033569336,96.56999969482422,92.11000061035156,95.0999984741211,99663988.0,4.0,-3.151264315254352,115.85706185451626,95.95129767307164,30.36191990913997,-251.08558419246052,67.42591677558426,106.26213963826496,110.44718805948894,1.6417870873890532,high,0.005223798929869572
2025-04-04 15:30:00+00:00,230,NVDA,95.0999984741211,95.8499984741211,93.62999725341795,93.82990264892578,50949073.0,4.0,-3.57989327580367,116.36390870063325,93.94732100517732,29.31057893259737,-220.1587582051127,67.42591677558427,105.92680308024087,109.98110313415528,1.3379849418912706,medium,-0.013355371667444715
2025-04-04 16:30:00+00:00,231,NVDA,93.83000183105467,94.58000183105467,93.23999786376952,94.10009765625,42350512.0,4.0,-3.853363164244626,116.6409866319608,92.30826263561734,29.845187504141677,-197.79814287329953,68.07697710592716,105.55715306599934,109.52893803914388,0.8205854248054278,medium,0.0028796257876892994
2025-04-04 17:30:00+00:00,232,NVDA,94.11000061035156,96.12989807128906,93.66500091552734,94.01000213623048,43326237.0,4.0,-4.030894335825337,116.59866507823524,90.89045464222372,29.767531783897596,-162.60047863680936,54.92271404826731,105.15815302530925,109.09610468546548,0.5588790450354199,low,-0.0009574434274089993
2025-04-04 18:30:00+00:00,233,NVDA,94.0250015258789,95.55999755859376,93.26490020751952,95.16500091552734,54075828.0,4.0,-4.031912937025012,116.0230917722651,89.96752788715872,32.110171165307776,-143.3815968021241,55.87565707464459,104.8063196818034,108.67782808939616,1.612832382558249,high,0.01228591376503907
2025-04-04 19:30:00+00:00,234,NVDA,95.16999816894533,96.37999725341795,94.20999908447266,94.31999969482422,48492823.0,4.0,-4.054170765405345,115.51703012230269,89.00572988746293,31.319525755890083,-125.40301820694168,48.97590819100834,104.36531626383464,108.23882471720376,0.1893254709719258,low,-0.008879327615970767
2025-04-07 13:30:00+00:00,235,NVDA,87.52999877929688,101.73999786376952,86.62999725341797,93.61000061035156,241296096.0,0.0,-4.082045962294828,114.6626480980543,88.19611197274646,30.66325789248027,-125.51108415790914,64.50239890996853,103.91098302205404,107.79507471720378,1.2915538943975682,medium,-0.007527556051419415
2025-04-07 14:30:00+00:00,236,NVDA,94.33000183105467,98.27999877929688,92.0199966430664,93.87999725341795,99949477.0,0.0,-4.0358282679630975,113.37493767716364,87.75658240340277,31.23013376499155,-107.20542098321576,64.50239890996853,103.41464970906576,107.3478229522705,0.6257657307954494,low,0.0028842713524834807
2025-04-07 15:30:00+00:00,237,NVDA,93.86000061035156,97.56999969482422,93.86000061035156,95.87000274658205,52286254.0,0.0,-3.7948786018045126,111.72509590876216,87.8699243854273,35.26546983057193,-87.31263694830258,64.50239890996853,103.0393165588379,106.93407300313314,2.7959379183659068,high,0.02119733224738285
2025-04-07 16:30:00+00:00,238,NVDA,95.86000061035156,98.31999969482422,94.81199645996094,98.23290252685548,44582320.0,0.0,-3.3743604637746216,110.3053401947732,88.18047065727758,39.61764026198769,-65.92219066657682,58.667037248905785,102.68338343302408,106.56053810119629,3.9145109673842384,high,0.024646914703021494
2025-04-07 17:30:00+00:00,239,NVDA,98.20999908447266,99.69000244140624,97.1750030517578,97.41000366210938,54154785.0,0.0,-3.0720847896993178,108.56599964750922,88.69581141816462,38.68074900350067,-50.30442707010002,48.38875800988113,102.28371683756512,106.26545486450196,1.1622783216014634,medium,-0.008377018733831454
2025-04-07 18:30:00+00:00,240,NVDA,97.43070220947266,99.02999877929688,96.41999816894533,96.6500015258789,41244887.0,0.0,-2.8608765568929044,106.220066150858,89.66874534206192,37.82610776481674,-54.31685034453025,50.28592298919589,101.87867685953776,105.95687154134114,0.41204707997714246,low,-0.007802095346046034
2025-04-07 19:30:00+00:00,241,NVDA,96.66999816894533,98.37000274658205,96.2699966430664,97.70999908447266,32364653.0,0.0,-2.578239229571082,105.12123322235097,90.02357802642832,39.746905500374645,-49.415889284394446,50.67102210229903,101.54501342773438,105.68478813171389,0.7821902227648907,medium,0.010967382740391551
2025-04-08 13:30:00+00:00,242,NVDA,103.80500030517578,105.8499984741211,102.58999633789062,104.7300033569336,131855772.0,1.0,-1.7674177436431933,105.50926083633156,89.81156054428368,50.27208673051656,34.8298735601356,6.638286709661394,101.4156369527181,105.53928820292155,8.148110119840297,high,0.07184530077000595
2025-04-08 14:30:00+00:00,243,NVDA,104.72000122070312,105.2300033569336,102.0199966430664,102.05999755859376,62175660.0,1.0,-1.3250091474858436,105.20086219427488,89.95985863092042,47.039076368345775,22.768810681677746,8.809158248630084,101.1459701538086,105.346204884847,0.9482408848944817,medium,-0.025494182304569346
2025-04-08 15:30:00+00:00,244,NVDA,102.05999755859376,104.3656997680664,100.9499969482422,101.58499908447266,53337417.0,1.0,-1.0011845228196703,104.93809309573057,90.07912797360537,46.48886145082426,15.873168685128796,12.87437713445434,100.89885025024414,105.15153821309408,0.533098251885093,low,-0.004654110185025262
2025-04-08 16:30:00+00:00,245,NVDA,101.58000183105467,101.81999969482422,98.6999969482422,98.77999877929688,54463549.0,1.0,-0.9598269691742444,104.37829010455776,90.25443084270788,43.38850107712781,-13.355895864157487,20.809744122644965,100.5165168762207,104.902871576945,0.5321708304878637,low,-0.027612347595172948
2025-04-08 17:30:00+00:00,246,NVDA,98.75499725341795,101.0,98.58000183105467,99.42990112304688,37886532.0,1.0,-0.8646420667406574,103.83801180409944,90.47084897470916,44.27917603999365,-10.35829842986739,21.21880546029084,100.12576700846354,104.67978655497232,0.5531599662754886,low,0.006579290866383536
2025-04-08 18:30:00+00:00,247,NVDA,99.42829895019533,101.0,95.2699966430664,96.31999969482422,55183916.0,1.0,-1.0282968347008534,103.15583142885409,90.58402910581388,41.07980409899152,-37.67771162919908,31.632299173314383,99.6286003112793,104.39261983235676,2.117764852001063,high,-0.031277325966301395
2025-04-08 19:30:00+00:00,248,NVDA,96.30999755859376,96.75,94.45999908447266,96.70999908447266,44320325.0,1.0,-1.1136868373791913,103.171277089584,90.77900367213472,41.62696871891275,-58.430133774152765,33.91726972273983,99.20810038248698,104.12936986287436,1.2632390696291729,medium,0.00404899699838146
2025-04-09 13:30:00+00:00,249,NVDA,98.87999725341795,101.18000030517578,97.53009796142578,99.97940063476562,110121099.0,2.0,-0.9070892874613036,103.4881911277472,90.950029850036,45.9776279570748,8.030579024098438,12.027633846895736,98.88574701944988,103.93416989644368,0.6595538057919441,low,0.03380624114614328
2025-04-09 14:30:00+00:00,250,NVDA,99.97000122070312,100.87000274658205,97.73999786376952,99.1688003540039,48978408.0,2.0,-0.7995511805782911,103.60024743456609,91.37186331372492,45.11519098741742,10.237883452660595,12.027633846895734,98.51204045613606,103.71789995829263,0.5639407350154864,low,-0.008107672936777388
2025-04-09 15:30:00+00:00,251,NVDA,99.16999816894533,99.70999908447266,98.0,99.44000244140624,33664067.0,2.0,-0.6845516291184452,103.70900043714968,91.79710078965697,45.46921448780017,10.432022611082374,12.02763384689574,98.32170715332032,103.49740002950033,0.6654549111593864,low,0.0027347521239968753
2025-04-09 16:30:00+00:00,252,NVDA,99.44000244140624,109.8499984741211,99.1500015258789,106.47000122070312,86003341.0,2.0,-0.025853483852785,105.22341800747768,91.5286831277762,53.51041801139767,140.58616000898604,23.111363813492854,98.43837712605794,103.41473337809244,4.8423984996039975,high,0.07069588301186158
2025-04-09 17:30:00+00:00,253,NVDA,106.47000122070312,112.98999786376952,101.56999969482422,112.02999877929688,114934175.0,2.0,0.9340477569565876,108.21764707290885,90.22095384872202,58.515464753413525,204.24805905427257,30.34372010842089,98.71734364827472,103.46058667500814,3.205788299458887,high,0.05222125946132339
2025-04-09 18:30:00+00:00,254,NVDA,112.02999877929688,113.3000030517578,110.0999984741211,112.79000091552734,79368009.0,2.0,1.736089665814717,110.68307280336566,89.60252824033552,59.13753654821456,239.98900740754,31.028405428075462,99.04301045735676,103.51283671061198,1.6491961625679064,high,0.00678391631269859
2025-04-09 19:30:00+00:00,255,NVDA,112.79759979248048,115.0999984741211,112.7750015258789,114.25,69889080.0,2.0,2.461152744555349,112.98690389680688,89.36269708585914,60.319998006628744,240.24918156109825,34.99436152813929,99.43051045735676,103.59058672587076,1.2597988889148737,medium,0.01294440174325473
2025-04-10 13:30:00+00:00,256,NVDA,109.31999969482422,110.02999877929688,106.94000244140624,109.08000183105467,103900783.0,3.0,2.588753277162141,113.72662245863984,90.14297898178982,54.53866465036904,140.76873210384716,12.56512109799738,99.64422709147136,103.58400344848631,0.013767820849478063,low,-0.0452516251111188
2025-04-10 14:30:00+00:00,257,NVDA,109.0500030517578,110.86000061035156,107.88999938964844,107.8949966430664,49359864.0,3.0,2.564693414183651,114.2518577452506,90.82024308482752,53.32676939019965,131.2965152748736,14.719638102179452,99.84039357503256,103.54867006937664,0.9699842005088579,medium,-0.010863633737590361
2025-04-10 15:30:00+00:00,258,NVDA,107.89129638671876,108.26799774169922,103.01000213623048,104.0500030517578,64357100.0,3.0,2.209892683321939,114.38061261172442,91.27319827084396,49.625393628819914,69.66455636685063,0.6645229570968186,100.15520044962564,103.45100339253744,2.70891812195284,high,-0.03563644015883749
2025-04-10 16:30:00+00:00,259,NVDA,104.02999877929688,108.37000274658205,103.94000244140624,106.47000122070312,52957278.0,3.0,2.099779227510581,114.64831819498085,91.91149244344687,51.80348556667701,78.41037424842881,0.3637916035451904,100.53420054117838,103.39817008972167,0.7750595304062479,medium,0.023258030734910617
2025-04-10 17:30:00+00:00,260,NVDA,106.4499969482422,108.56999969482422,106.0500030517578,108.44400024414062,43347805.0,3.0,2.1470489010093985,115.01128787904447,92.72792263120942,53.50005686903588,89.72526165910327,0.2607108109159074,101.02133712768554,103.4740701039632,0.025040205680897556,low,0.018540424540294476
2025-04-10 18:30:00+00:00,261,NVDA,108.4499969482422,108.9386978149414,106.41000366210938,106.44000244140624,42888124.0,3.0,1.9997526791620288,115.11065350163564,93.5015573443116,51.59275781754357,77.55264080931471,1.4689184083832196,101.43266728719075,103.49491017659506,0.3736702906446596,low,-0.018479563629364204
2025-04-10 19:30:00+00:00,262,NVDA,106.44000244140624,108.05999755859376,105.5,107.6999969482422,39204146.0,3.0,1.9620728343379028,115.3648079397178,93.54440226536032,52.68977697556765,69.827555223653,1.673624643684647,101.88900044759114,103.5235767364502,0.6107069730648574,low,0.011837603137312636
2025-04-11 13:30:00+00:00,263,NVDA,108.58999633789062,110.69000244140624,107.55999755859376,107.6999969482422,81909147.0,4.0,1.9101917840131364,115.67771481600222,93.79549532804076,52.68977697556765,84.69052180840542,7.205078288442534,102.30683364868165,103.55657666524252,0.6462962189099938,low,0.0
2025-04-11 14:30:00+00:00,264,NVDA,107.70999908447266,109.83499908447266,107.4800033569336,108.63999938964844,41874415.0,4.0,1.922761619865028,116.05751625326688,94.12119392129364,53.53054900645278,79.15184275565827,6.901555785806885,102.78416697184244,103.57474161783854,1.4777634067084082,medium,0.008727970919609085
2025-04-11 15:30:00+00:00,265,NVDA,108.6500015258789,109.98999786376952,108.43000030517578,109.44000244140624,31153652.0,4.0,1.974515875788185,116.3325671062148,94.91214343455668,54.24641918085108,82.46895444196277,7.444321082840178,103.31183369954428,103.61140836079916,1.9148499478556962,high,0.007363798382292952
2025-04-11 16:30:00+00:00,266,NVDA,109.47000122070312,111.05999755859376,109.43000030517578,109.73999786376952,35792537.0,4.0,2.0164937353377184,116.5822957034639,95.69342451137985,54.51821978838887,87.99915332665572,11.261991212294676,103.840500386556,103.62757504781088,1.5558213214502015,high,0.0027411861812036697
2025-04-11 17:30:00+00:00,267,NVDA,109.73999786376952,111.54989624023438,109.29010009765624,110.3499984741211,36180706.0,4.0,2.0750634034990014,116.35023248543182,97.3284876073416,55.079537124409136,87.73835879923367,13.017937960069943,104.32316691080727,103.6812417348226,1.7940182536542018,high,0.005558598708092166
2025-04-11 18:30:00+00:00,268,NVDA,110.36000061035156,110.5199966430664,109.58000183105467,110.11000061035156,24853430.0,4.0,2.078158745222126,115.82908219898782,99.1896380463735,54.80425018726746,78.71343578005637,13.017937960069933,104.71907018025716,103.70122680664062,0.9099920592566083,medium,-0.002174878723046114
2025-04-11 19:30:00+00:00,269,NVDA,110.1050033569336,111.0,109.83000183105467,110.69000244140624,29628386.0,4.0,2.103169102095336,115.67398658490532,100.41579384112008,55.36200743557051,81.00339259375572,14.903236369010642,105.16173680623372,103.7227268218994,1.5527779079410238,high,0.0052674764130384855
2025-04-14 13:30:00+00:00,270,NVDA,114.13999938964844,114.29000091552734,111.38009643554688,112.56700134277344,82789779.0,0.0,2.248528478078356,115.35048858661168,102.07911193829068,57.133046565591115,108.90452566595827,26.565109065112303,105.69230346679689,103.78549016316732,5.078447887757728,high,0.01695725774656842
2025-04-14 14:30:00+00:00,271,NVDA,112.56500244140624,112.98999786376952,111.3000030517578,111.33350372314452,32614822.0,0.0,2.238391102390054,114.39643848533406,104.22251216774212,55.63249947916119,91.5679233852322,26.11534216137793,106.14642028808592,103.84571685791016,0.5814745606807068,low,-0.010957897118293536
2025-04-14 15:30:00+00:00,272,NVDA,111.3499984741211,111.66000366210938,109.06999969482422,110.02999877929688,42210370.0,0.0,2.1009566831547772,114.40231918801518,104.57263122092036,54.07977380142728,62.12965799200765,14.05246906510755,106.32308680216472,103.8693618774414,0.9955402202462198,medium,-0.01170811031950536
2025-04-14 16:30:00+00:00,273,NVDA,110.02999877929688,111.19000244140624,109.93499755859376,110.44000244140624,23588472.0,0.0,2.002044462404754,114.19954719117813,104.61640358396838,54.4930517043529,62.96521932188016,14.05246906510755,106.60242029825848,103.87419522603354,0.4835755142954766,low,0.003726289799673266
2025-04-14 17:30:00+00:00,274,NVDA,110.43000030517578,111.36000061035156,109.77999877929688,111.1999969482422,21463425.0,0.0,1.9623601536740836,113.93288613226647,104.72406424615149,55.26507578459086,64.05679692446974,14.762666031126251,106.92292022705078,103.91088523864748,0.18988557577709217,low,0.0068815147594656345
2025-04-14 18:30:00+00:00,275,NVDA,111.19110107421876,111.87999725341795,111.0999984741211,111.3499984741211,20101443.0,0.0,1.9208713138136204,113.29117007712696,105.0757801487031,55.419496862675366,72.5968592118018,17.005085633248875,107.34192021687824,103.92921854654948,0.24214966937219382,low,0.0013489346222617105
2025-04-14 19:30:00+00:00,276,NVDA,111.36000061035156,111.79000091552734,110.63999938964844,110.6999969482422,21299355.0,0.0,1.8146235675415596,113.42710087858288,105.10184885896597,54.57500472185035,63.281025318174976,14.164944531241902,107.7175900777181,103.92167854309082,0.284048953934278,low,-0.005837463267051257
2025-04-15 13:30:00+00:00,277,NVDA,110.97000122070312,112.76000213623048,110.5,111.01499938964844,58803422.0,1.0,1.7358299603176164,113.600818917764,105.24013109444304,54.91939081855555,68.81351307041167,18.61784874706806,108.20742340087892,103.9180118560791,0.4990973758941433,low,0.002845550587986967
2025-04-15 14:30:00+00:00,278,NVDA,111.04000091552734,112.48999786376952,111.0,112.02999877929688,26916127.0,1.0,1.7352841514352804,113.30753521004368,106.33141437491724,56.03055147599035,78.35231095165761,18.617848747068052,108.71809005737305,103.96309521993,2.939712536319431,high,0.00914290316829991
2025-04-15 15:30:00+00:00,279,NVDA,112.03500366210938,113.61499786376952,111.79000091552734,113.26499938964844,35167817.0,1.0,1.8135997726360245,113.59694893436652,106.72150046748897,57.353654165802745,102.89182156957985,23.85311119887646,109.16094334920248,104.02334518432616,4.056416204634232,high,0.011023838470127556
2025-04-15 16:30:00+00:00,280,NVDA,113.2699966430664,113.4000015258789,111.7301025390625,111.84010314941406,22753728.0,1.0,1.7406234250949808,113.74545870574428,106.91260098663852,55.365186090460725,86.05671327112164,23.401301802883793,109.58332010904948,104.04768028259278,0.16511944996332725,low,-0.012580199072199871
2025-04-15 17:30:00+00:00,281,NVDA,111.83499908447266,112.63999938964844,111.7699966430664,112.12000274658205,19596078.0,1.0,1.6859402326349624,113.58347600285742,107.64258372004298,55.67745197425842,81.0977871482609,23.401301802883793,110.00598678588868,104.16384696960448,0.3490043464420822,low,0.0025026764933688828
2025-04-15 18:30:00+00:00,282,NVDA,112.11499786376952,112.72000122070312,111.99500274658205,112.21009826660156,17827629.0,1.0,1.6310713884854096,113.5514544992825,108.12561535545382,55.78046429420903,83.11947859972231,23.82540423592158,110.19732335408528,104.31785024007162,0.1937124068092109,low,0.000803563305498356
2025-04-15 19:30:00+00:00,283,NVDA,112.21499633789062,112.3499984741211,111.9499969482422,112.0999984741211,14052161.0,1.0,1.5607123802673897,113.38606130876272,108.7310086985615,55.61705415808204,71.98527492247018,23.4144932257779,110.1996566772461,104.45850016276042,0.34451620864583204,low,-0.0009811932631845766
2025-04-16 13:30:00+00:00,284,NVDA,104.5500030517578,106.79000091552734,104.3499984741211,105.5199966430664,101562531.0,2.0,0.962901474140466,114.14929586374654,107.65577386891948,47.08851525609562,-163.44439459247417,22.819029808446263,109.9573232014974,104.50016682942707,12.274504762809197,high,-0.058697608569314275
2025-04-16 14:30:00+00:00,285,NVDA,105.5250015258789,105.58470153808594,103.8000030517578,105.17510223388672,46612325.0,2.0,0.4560449255977232,114.78876184774204,106.589817864172,46.700213889389595,-168.33731961635888,24.992748508786907,109.65482660929362,104.5426685333252,1.9045348966461093,high,-0.0032685217982553194
2025-04-16 15:30:00+00:00,286,NVDA,105.18000030517578,105.25,103.58000183105467,103.91500091552734,32297195.0,2.0,-0.0467829019398919,115.48921382199148,105.30686619509838,45.28869625208482,-168.62519652932923,25.885287602209832,109.48265991210936,104.56344350179036,1.4794234736556584,medium,-0.011980984963125385
2025-04-16 16:30:00+00:00,287,NVDA,103.91500091552734,104.16000366210938,103.1500015258789,103.93499755859376,28022826.0,2.0,-0.4386080157838421,115.93222470873006,104.22235521680706,45.31582963555585,-163.16496999651437,27.683208232673312,109.35065994262696,104.59552675882976,0.9539539653078367,medium,0.00019243268912316758
2025-04-16 17:30:00+00:00,288,NVDA,103.94000244140624,103.9800033569336,101.74120330810548,102.18499755859376,46963938.0,2.0,-0.8801962614930829,116.51713849622702,102.84494112413432,43.368645777239806,-184.8394518878802,33.346065366048414,109.28849309285482,104.72184677124024,1.1549090854586943,medium,-0.01683744687648092
2025-04-16 18:30:00+00:00,289,NVDA,102.18499755859376,102.25499725341795,100.4499969482422,101.00499725341795,52578363.0,2.0,-1.3102703101227036,117.0311794272233,101.3623996743392,42.106601637257086,-201.4654665276085,38.095371196087726,109.10632629394532,104.82026341756185,2.393210404749777,high,-0.011547686386146672
2025-04-16 19:30:00+00:00,290,NVDA,101.01000213623048,104.5500030517578,101.01000213623048,104.5,48163675.0,2.0,-1.3534874190354174,116.72726562007216,100.85961334721296,46.846000800896064,-134.8157307424405,21.62915338594612,108.97485961914064,104.99809837341309,0.7652757637542995,medium,0.0346022755469535
2025-04-17 13:30:00+00:00,291,NVDA,104.4250030517578,104.47000122070312,100.4800033569336,100.49500274658205,82712336.0,3.0,-1.691409579635291,116.90301332888444,99.60001554074448,42.70199488927363,-154.33587982565015,23.87006622181978,108.77669296264648,105.10468012491862,1.7875239799329443,high,-0.03832533256859283
2025-04-17 14:30:00+00:00,292,NVDA,100.49569702148438,101.33000183105467,100.0500030517578,100.39820098876952,50819134.0,3.0,-1.9446101638665567,117.05378724383893,98.48606184673729,42.60775369929284,-161.76864374609673,25.71230077729328,108.5332997639974,105.21115010579427,1.1512905936186462,medium,-0.000963249466808147
2025-04-17 15:30:00+00:00,293,NVDA,100.3949966430664,101.4000015258789,100.16000366210938,101.23500061035156,34589269.0,3.0,-2.05407264421936,116.9423198061422,97.67702910132851,43.71851222307687,-135.77081487575128,25.185151796350496,108.3177998860677,105.31231676737468,0.281574048347795,low,0.008334806932204453
2025-04-17 16:30:00+00:00,294,NVDA,101.23509979248048,101.83999633789062,100.75170135498048,100.8311996459961,26631436.0,3.0,-2.148637654253804,116.65560692070686,96.92686225653922,43.30017623324704,-117.7667619315197,21.754660702093325,108.0575065612793,105.42083676656088,0.40951366674436834,low,-0.003988748574316525
2025-04-17 17:30:00+00:00,295,NVDA,100.83999633789062,102.37999725341795,100.79000091552734,102.15630340576172,26656995.0,3.0,-2.0925348675558695,116.15822464474424,96.50487502566592,45.08405011174643,-97.37325920077186,17.529333124761557,107.81471659342448,105.56327514648436,0.387809744634131,low,0.013141802977826966
2025-04-17 18:30:00+00:00,296,NVDA,102.16000366210938,102.48999786376952,101.0199966430664,101.21499633789062,27771508.0,3.0,-2.0998231641035687,115.7117600002336,96.0028396091414,44.06526288172269,-92.18989841714004,16.64784633349699,107.53054987589518,105.6855251312256,0.26896298949893527,low,-0.009214380674408829
2025-04-17 19:30:00+00:00,297,NVDA,101.20999908447266,101.6999969482422,100.8499984741211,101.41000366210938,22752612.0,3.0,-2.066047619420033,115.10858436064748,95.6455156759736,44.33484238720391,-88.68331869589595,17.667966246277615,107.23255004882812,105.77785847981772,0.37369551255580796,low,0.001926664341000972
2025-04-21 13:30:00+00:00,298,NVDA,98.73500061035156,99.43000030517578,95.56999969482422,95.83499908447266,83473343.0,0.0,-2.4607703057680936,114.65651492314616,94.47808514399252,38.803910311270634,-139.20679711674472,41.456448684147226,106.75671666463217,105.73789342244466,11.342067767808484,high,-0.05497489770547903
2025-04-21 14:30:00+00:00,299,NVDA,95.83499908447266,96.56999969482422,95.6500015258789,95.88999938964844,33159945.0,0.0,-2.7375955165308454,113.625273797913,93.77182626922566,38.88172603567937,-139.10922978833733,41.45644868414724,106.26338322957356,105.71256001790364,1.7345540628452472,high,0.0005739062524257044
2025-04-21 15:30:00+00:00,300,NVDA,95.88999938964844,96.27999877929688,95.73999786376952,95.8000030517578,23386474.0,0.0,-2.9304628907603956,112.643902878766,93.14918717860704,38.79821604320958,-131.25289391589052,41.45644868414722,105.70448328653973,105.69839337666828,1.1084129995336498,medium,-0.0009385372662787939
2025-04-21 16:30:00+00:00,301,NVDA,95.8000030517578,96.38999938964844,95.1500015258789,95.36859893798828,24254282.0,0.0,-3.082588222770738,111.3367865427697,92.78116313374396,38.389345039204734,-126.89373299336286,43.6776368169961,105.17231979370118,105.65937004089356,0.8878845607046867,medium,-0.0045031743217841536
2025-04-21 17:30:00+00:00,302,NVDA,95.36000061035156,95.68000030517578,95.04000091552734,95.58999633789062,21645802.0,0.0,-3.1489841948917956,109.61166932953074,92.84427015411184,38.73212769957804,-121.39202013793272,44.100329764254795,104.69098637898765,105.50703659057618,0.49801774293274015,low,0.002321491584942992
2025-04-21 18:30:00+00:00,303,NVDA,95.58999633789062,95.86000061035156,95.1500015258789,95.5999984741211,25081227.0,0.0,-3.1643200801888582,107.417556664043,93.3883828195996,38.7480544220868,-113.22672303419596,42.23314714980224,104.19631958007812,105.3993699391683,0.4482928768391441,low,0.00010463580514330495
2025-04-21 19:30:00+00:00,304,NVDA,95.5999984741211,97.1999969482422,95.5999984741211,96.8000030517578,28458934.0,0.0,-3.044547886348724,106.72156352892236,93.21237659558936,40.662471083977984,-95.21594559295085,28.937898226446865,103.71631978352865,105.3196200052897,5.656969313766951,high,0.012552349338808222
2025-04-22 13:30:00+00:00,305,NVDA,98.76499938964844,99.37999725341795,97.36000061035156,99.0199966430664,59653341.0,1.0,-2.7389200646732945,105.96033219360156,93.35809737182812,44.01141696019601,-64.92624589813221,10.90864667824933,103.3053197224935,105.32361996968588,5.669034401244154,high,0.0229338173690099
2025-04-22 14:30:00+00:00,306,NVDA,99.0199966430664,99.33999633789062,98.35009765625,98.8949966430664,29153995.0,1.0,-2.4782268133358656,105.38724238276832,93.42918675541527,43.867205362185295,-57.9194521020833,10.908646678249331,102.91181971232096,105.31470489501952,1.581902083281926,high,-0.0012623712809300969
2025-04-22 15:30:00+00:00,307,NVDA,98.89640045166016,99.81099700927734,98.3000030517578,99.6500015258789,30596290.0,1.0,-2.185509753250713,104.78447009689523,93.60345943801688,44.993397938980664,-49.42579502803272,7.207678368075579,102.53298645019532,105.37020492553712,1.4564103614672126,medium,0.007634409307252232
2025-04-22 16:30:00+00:00,308,NVDA,99.65499877929688,99.7699966430664,97.95999908447266,98.1050033569336,28063300.0,1.0,-2.054514648390466,104.41626657759036,93.56366353715572,43.160315195754855,-56.10678009524525,9.537092242797325,102.06881993611654,105.3934549967448,0.0653119152215356,low,-0.015504246314979486
2025-04-22 17:30:00+00:00,309,NVDA,98.0999984741211,98.55999755859376,97.56999969482422,98.48500061035156,20303566.0,1.0,-1.8981567124194356,104.20968991307402,93.51824053736544,43.743467480760856,-60.110791365883095,12.238452634425396,101.57615331013996,105.36854832967124,0.008219996870547754,low,0.0038733728190745165
2025-04-22 18:30:00+00:00,310,NVDA,98.49579620361328,98.83000183105467,97.5999984741211,97.70500183105467,17537365.0,1.0,-1.8162447653499216,103.18105809731482,93.86737253623008,42.81081355206245,-59.605178957244625,9.811669960417277,101.10498326619468,105.34415168762207,1.9329435981323835,high,-0.00791997537150757
2025-04-22 19:30:00+00:00,311,NVDA,97.6999969482422,99.0,97.27999877929688,98.87999725341795,24642393.0,1.0,-1.637638963835144,103.01158207441026,93.87534800981824,44.64985529520487,-48.34792571434639,12.216286270876672,100.66364974975586,105.33481826782229,0.4165812445471125,low,0.012025949545500403
2025-04-23 13:30:00+00:00,312,NVDA,104.52010345458984,104.8000030517578,102.58000183105467,104.18499755859376,83247065.0,2.0,-1.0558521837302235,103.81473205533344,93.45087768587749,51.87752242341504,78.0178010162232,26.007023783700113,100.39614639282226,105.29673487345376,7.520038595921698,high,0.05365089454421912
2025-04-23 14:30:00+00:00,313,NVDA,104.18499755859376,104.73999786376952,102.94000244140624,103.13700103759766,34974533.0,2.0,-0.6716046889271325,104.17398961913771,93.28182016479782,50.52912218607078,86.65910120309346,26.007023783700113,100.09737981160482,105.14851824442546,1.3723625276774027,medium,-0.01005899645394448
2025-04-23 15:30:00+00:00,314,NVDA,103.1500015258789,103.47000122070312,102.62000274658205,103.36000061035156,25976963.0,2.0,-0.3451133274921716,104.61440624778636,93.09428363258472,50.81055772544082,79.49392305726037,23.35798449013625,100.02537994384764,104.99135157267251,0.973779294342983,medium,0.0021621684798902585
2025-04-23 16:30:00+00:00,315,NVDA,103.3550033569336,104.33000183105467,103.11000061035156,103.95999908447266,20566700.0,2.0,-0.0375192107401147,104.9725181884237,92.91654125981847,51.57729702232854,98.373600800226,27.723197765971925,99.98487650553383,104.81985155741374,0.8522182160706318,medium,0.0058049387633323235
2025-04-23 17:30:00+00:00,316,NVDA,103.97000122070312,104.23999786376952,103.55999755859376,103.71499633789062,15975552.0,2.0,0.184356521583183,105.39223561498495,92.74682383325722,51.23991009825343,100.2291394555994,27.723197765971943,99.9782096862793,104.73043479919434,0.4635509803837564,low,-0.00235670208483707
2025-04-23 18:30:00+00:00,317,NVDA,103.71499633789062,103.91999816894533,102.31999969482422,102.41999816894533,20008243.0,2.0,0.2527851585407603,105.53687754550376,92.703181353422,49.47046489409998,76.85678880992229,16.765884157860135,99.92770970662436,104.63918482462564,2.9262539566843797,high,-0.01248612268881888
2025-04-23 19:30:00+00:00,318,NVDA,102.41999816894533,102.87000274658205,102.0199966430664,102.53500366210938,20806368.0,2.0,0.3126908233207075,105.84930069763288,93.06075865905656,49.630262817348864,66.22874621615267,14.231407659054746,99.93937657674154,104.61393483479816,1.3191484108981106,medium,0.0011228812265193788
2025-04-24 13:30:00+00:00,319,NVDA,103.4749984741211,105.38500213623048,103.11000061035156,105.3686981201172,56039411.0,3.0,0.5821117331367276,106.60936140220532,93.248567827531,53.387638555312485,115.34671964199572,28.19784622133834,100.08483327229818,104.59557978312176,3.1339309275910328,high,0.027636361796464115
2025-04-24 14:30:00+00:00,320,NVDA,105.36499786376952,105.9800033569336,104.7300033569336,105.34500122070312,31690192.0,3.0,0.7846723886446085,107.20731908215228,93.6051099644786,53.35320853768647,129.18347268473906,31.037805636634904,100.11299997965494,104.5439297993978,1.4496440670988946,medium,-0.00022489505742073757
2025-04-24 15:30:00+00:00,321,NVDA,105.3499984741211,105.87999725341795,105.03790283203124,105.7489013671875,22022097.0,3.0,0.9666515761421834,107.69187474830252,94.15858454124825,53.87766992017138,125.69670244250348,31.037805636634904,100.28812993367514,104.5324114481608,1.2973122632428358,medium,0.0038340703574362145
2025-04-24 16:30:00+00:00,322,NVDA,105.73999786376952,106.37999725341795,105.66999816894533,106.29499816894533,24284792.0,3.0,1.141775167898544,108.1432211317404,94.77773834091586,54.59174751469571,126.85101070688472,33.56114879711927,100.484689839681,104.5089948018392,1.213975819838326,medium,0.005164089599963173
2025-04-24 17:30:00+00:00,323,NVDA,106.29830169677734,106.45999908447266,105.86000061035156,106.33470153808594,16704091.0,3.0,1.2691357986602014,108.41727407444408,95.57715570460866,54.64456096337799,118.63813704895756,33.974359427707086,100.65467987060546,104.4862398783366,0.8727913455032853,medium,0.00037352057786854687
2025-04-24 18:30:00+00:00,324,NVDA,106.33000183105467,106.5,105.51010131835938,105.7249984741211,18390301.0,3.0,1.3058194011496482,108.57679194699767,96.3101373742914,53.65322728211351,103.81236696346318,30.188802035292543,100.81780649820963,104.43765652974449,0.19436597650024504,low,-0.005733810836403785
2025-04-24 19:30:00+00:00,325,NVDA,105.7249984741211,106.54000091552734,105.66999816894533,106.37999725341795,18998196.0,3.0,1.3719295974468366,108.9630886486756,96.65984073364862,54.569171339359805,102.31865149447422,30.429031767325633,100.9585962931315,104.386656443278,1.1670448058639646,medium,0.006195306585482507
2025-04-25 13:30:00+00:00,326,NVDA,106.86000061035156,108.0999984741211,105.7300033569336,107.54100036621094,56519423.0,4.0,1.5007064428888413,109.4514661037736,97.03606365086507,56.157925486833875,111.17521964635776,39.15729549215275,101.16946309407552,104.35000648498536,4.377864853643073,high,0.010913735126607094
2025-04-25 14:30:00+00:00,327,NVDA,107.55999755859376,108.9800033569336,107.30999755859376,108.66000366210938,26933524.0,4.0,1.6737631352254567,110.1081542644898,97.28037570377192,57.63510544619347,121.62024419479856,43.43648079852515,101.41112976074218,104.32183990478516,3.325851701065943,high,0.010405364392072514
2025-04-25 15:30:00+00:00,328,NVDA,108.66000366210938,109.5199966430664,108.4800033569336,109.4749984741211,24856155.0,4.0,1.855288470233987,110.60590988839348,97.919619591587,58.68394225911771,127.28865791143852,45.930895920570336,101.8657964070638,104.311256535848,2.1768955647439103,high,0.007500412152994462
2025-04-25 16:30:00+00:00,329,NVDA,109.4749984741211,111.91999816894533,109.4749984741211,111.87000274658205,39348572.0,4.0,2.167420757628065,111.52783771820629,98.33619197539726,61.57582728989058,151.17620238036596,55.29694387315507,102.39846318562826,104.33092320760092,2.779175262488373,high,0.021877180231494764
2025-04-25 17:30:00+00:00,330,NVDA,111.85990142822266,111.89949798583984,109.82119750976562,110.83499908447266,33902808.0,4.0,2.3047044996901462,111.75538444862852,99.4216449703168,59.707512813773285,139.96127425432135,55.29694387315507,102.89962972005208,104.3020565032959,0.9844868348717103,medium,-0.009251842645020547
2025-04-25 18:30:00+00:00,331,NVDA,110.83999633789062,111.44000244140624,110.5999984741211,110.73500061035156,25044117.0,4.0,2.3780214620631313,111.8954926741853,100.46703708045337,59.52699153512938,134.73614440985423,55.29694387315508,103.41184310913086,104.292081451416,0.6167759595300976,low,-0.0009022283118790275
2025-04-25 19:30:00+00:00,332,NVDA,110.73999786376952,111.0,110.1999969482422,110.95999908447266,23072925.0,4.0,2.4263121631449565,112.5314966323376,100.50853327488898,59.80982369389841,125.5622846962482,50.00689548408605,103.92417653401692,104.30758145650228,0.513561875206087,low,0.002031864115960902
2025-04-28 13:30:00+00:00,333,NVDA,109.69499969482422,110.36990356445312,107.86000061035156,108.52519989013672,60413372.0,0.0,2.242267481388581,112.64342813297824,100.93542165950224,55.470405787061985,87.48484346525545,23.66431291844662,104.35501658121744,104.2756680806478,2.629385837163602,high,-0.02194303545805143
2025-04-28 14:30:00+00:00,334,NVDA,108.52999877929688,108.68000030517578,106.3843994140625,106.5999984741211,30770324.0,0.0,1.9189427034484223,112.58084904967252,101.32200052918492,52.362852858159194,51.72818284255587,10.574872220065256,104.68168309529622,104.19900143941244,3.221812066427056,high,-0.017739671688829506
2025-04-28 15:30:00+00:00,335,NVDA,106.6050033569336,107.52999877929688,106.54019927978516,106.5509033203125,20240417.0,0.0,1.6398408542917906,112.53712313988493,101.62481686255649,52.28558038115211,41.19631602857938,10.574872220065243,104.93271331787108,104.11901652018229,1.549588346189158,high,-0.00046055492036911616
2025-04-28 16:30:00+00:00,336,NVDA,106.55999755859376,107.25499725341795,106.0199966430664,106.27999877929688,18846051.0,0.0,1.380873050634591,112.44851392694,101.96992631964204,51.848821903345495,30.31253813170081,6.0528770102966,105.17888005574544,104.0453498840332,1.119214350303189,medium,-0.0025424893883934097
2025-04-28 17:30:00+00:00,337,NVDA,106.27999877929688,107.4000015258789,106.16999816894533,107.3000030517578,15472588.0,0.0,1.2436094649383875,112.18317686314424,102.72326387171906,53.36611665411951,36.459022658109205,7.183893517676012,105.43388010660809,103.98343327840168,0.24297328384630665,low,0.00959733048716993
2025-04-28 18:30:00+00:00,338,NVDA,107.29499816894533,108.29000091552734,107.08000183105467,108.19000244140624,16786692.0,0.0,1.192891684265888,111.86607446841062,103.60586614438236,54.65583657106743,53.76125383045538,13.978511120348903,105.77004674275716,103.91943333943684,1.2569592238134684,medium,0.008294495473771146
2025-04-28 19:30:00+00:00,339,NVDA,108.18000030517578,108.8499984741211,108.12000274658205,108.63999938964844,18093005.0,0.0,1.175458516541596,111.89170091405666,103.90736982568944,55.30241468956206,67.62084652937146,18.015287325816423,106.10854670206706,103.84235000610352,2.1443874154342826,high,0.004159320991659277
2025-04-29 13:30:00+00:00,340,NVDA,107.7300033569336,109.70999908447266,107.44000244140624,108.52999877929688,45041087.0,1.0,1.1396295356863675,111.8719814799122,104.24558901569326,55.10371860910244,64.25751744284462,23.879449349964503,106.46937993367511,103.7871815999349,1.1175009498227038,medium,-0.0010125240332249374
2025-04-29 14:30:00+00:00,341,NVDA,108.54000091552734,109.0999984741211,108.37999725341795,108.80979919433594,19083368.0,1.0,1.1208914266925234,111.87752357617354,104.54613670214675,55.52419876316315,65.76352021529807,23.879449349964514,106.80037333170571,103.7320115407308,1.0282090314811805,medium,0.002578092860832548
2025-04-29 15:30:00+00:00,342,NVDA,108.80999755859376,109.2699966430664,108.53500366210938,108.875,13963878.0,1.0,1.0986380844660744,111.90261404658088,104.77904641484491,55.62438484276798,65.59814404624662,25.089733375334884,106.95670674641929,103.67642656962076,0.968296431390946,medium,0.0005992181416272224
2025-04-29 16:30:00+00:00,343,NVDA,108.87999725341795,109.08000183105467,108.22000122070312,108.73500061035156,12800451.0,1.0,1.0575149951205134,111.89757220569363,105.0241181629587,55.34744996505918,54.416273990499974,21.270519411310453,107.14330673217772,103.62034327189129,0.46503653989315596,low,-0.0012858726948191679
2025-04-29 17:30:00+00:00,344,NVDA,108.73999786376952,110.19989776611328,108.73999786376952,109.9801025390625,21179656.0,1.0,1.1125689679222148,111.91869969187304,105.42850108327346,57.30318464826002,81.45255055619006,29.455926801778244,107.3639767964681,103.69467837015787,9.230094551377622,high,0.011450792492959216
2025-04-29 18:30:00+00:00,345,NVDA,109.98519897460938,110.08000183105467,108.82009887695312,109.4000015258789,22598643.0,1.0,1.0967477094596347,111.89677459868726,105.75242660370532,56.118529544945766,69.41396279708933,29.455926801778244,107.54531021118164,103.76509335835776,0.7255314605533997,medium,-0.0052745996756782265
2025-04-29 19:30:00+00:00,346,NVDA,109.4000015258789,109.52999877929688,108.7699966430664,108.91999816894533,16544045.0,1.0,1.0335627211143643,111.90573946535396,105.88136151731204,55.142719556093496,52.70840572739673,28.77149612275763,107.7188102722168,103.84850997924804,0.454609751518335,low,-0.004387599179512147
2025-04-30 13:30:00+00:00,347,NVDA,104.47000122070312,106.12000274658205,104.08000183105467,105.98500061035156,59488326.0,2.0,0.738149460943319,112.0411809113134,105.47841976617686,49.67865828033212,-90.88963970158174,15.782646310097553,107.83764368693032,103.88267669677734,6.248296316512428,high,-0.02694636070449896
2025-04-30 14:30:00+00:00,348,NVDA,105.9800033569336,106.5250015258789,105.66999816894533,106.375,23685269.0,2.0,0.5293994282349246,112.03349335152888,105.17610747854926,50.354871196141254,-70.18517425861627,12.199181980591806,107.96564356486004,103.95251007080078,1.4461170234924783,medium,0.003679760224583495
2025-04-30 15:30:00+00:00,349,NVDA,106.375,106.90499877929688,105.87999725341795,106.05500030517578,19101518.0,2.0,0.3342887497083353,111.55815146976592,105.06994911617156,49.786991906569824,-71.2116273147227,8.821152958083971,107.98852030436198,104.03667678833008,1.1373078718418763,medium,-0.0030082227480537904
2025-04-30 16:30:00+00:00,350,NVDA,106.05999755859376,106.5,105.63999938964844,106.47000122070312,14908641.0,2.0,0.2107201857229199,111.21053914760368,104.98106165195688,50.535388650832395,-77.23590861983686,10.637585176447,108.02602030436198,104.06951014200848,0.5250871959480522,low,0.003913072597550027
2025-04-30 17:30:00+00:00,351,NVDA,106.47010040283205,107.7699966430664,106.37999725341795,107.19499969482422,21407425.0,2.0,0.1693404747158524,110.79527743190896,105.04232327609886,51.83280190050724,-40.38135795071649,0.5674348374274333,108.07422358194988,104.1811767578125,0.354490402691042,low,0.006809415476742853
2025-04-30 18:30:00+00:00,352,NVDA,107.19000244140624,107.83499908447266,107.04000091552734,107.25499725341795,16187996.0,2.0,0.1397767972651991,110.23859631574672,105.22850420915564,51.94071663859579,-31.16369798876939,1.1153704535813436,108.1062235514323,104.29545669555664,1.7423241602921264,high,0.0005597048254539772
2025-04-30 19:30:00+00:00,353,NVDA,107.25,108.87999725341795,107.04000091552734,108.7750015258789,24138337.0,2.0,0.2362753760142339,110.2701245980491,105.22195609042748,54.60610972865404,6.515783479213733,9.669662571031177,108.18756688435872,104.42112337748208,3.972593340621966,high,0.014171873678478164
2025-05-01 13:30:00+00:00,354,NVDA,113.0999984741211,114.07980346679688,112.08000183105467,113.33000183105467,69672901.0,3.0,0.6725489264326114,111.57282244702688,104.59225857714304,61.265687402318555,226.61633555693476,38.135866008419775,108.44106699625652,104.62943674723309,5.950083564405854,high,0.04187543315356401
2025-05-01 14:30:00+00:00,355,NVDA,113.31999969482422,114.94000244140624,113.13369750976562,114.3249969482422,38782979.0,3.0,1.0860671427875133,112.85939541433936,104.08309497262356,62.508589333257426,240.80433324079465,41.40143137756809,108.70590031941732,104.8322483062744,2.0639127682061646,high,0.008779626763536053
2025-05-01 15:30:00+00:00,356,NVDA,114.33000183105467,114.41999816894533,113.0500030517578,113.65180206298828,28376525.0,3.0,1.3439696617030137,113.66923611948484,104.0104345958472,61.135565554228656,195.49639502483268,40.629360939741986,108.9095937093099,105.0395284016927,1.0189583260989414,medium,-0.0058884312549659645
2025-05-01 16:30:00+00:00,357,NVDA,113.6500015258789,113.87000274658205,112.86000061035156,113.5647964477539,16605965.0,3.0,1.5237735273109363,114.35988378077934,103.9462662741523,60.9565509437433,162.053125054396,38.79033222881914,109.07308680216472,105.24210828145344,0.6519557232447604,low,-0.0007655454084762869
2025-05-01 17:30:00+00:00,358,NVDA,113.56999969482422,113.91999816894533,112.9000015258789,113.66999816894533,15678013.0,3.0,1.655672721402965,114.98538089470924,103.8687687329763,61.099030903591554,144.998104389143,39.0146546840786,109.21292012532552,105.53935826619468,0.4197133203681278,low,0.0009263585590084666
2025-05-01 18:30:00+00:00,359,NVDA,113.66999816894533,113.75,112.87999725341795,113.0,15249098.0,3.0,1.68669733325261,115.4115107082236,103.87863898049712,59.66454601999365,127.40202282174036,38.79708954821432,109.25058670043946,105.82452494303384,1.9124962283685336,high,-0.005894239286865499
2025-05-01 19:30:00+00:00,360,NVDA,113.0,113.04000091552734,111.31999969482422,111.52999877929688,22930513.0,3.0,1.574517688654197,115.59535634073887,103.99479334798184,56.64599711507725,84.60036539962562,22.778773401372582,109.2737533569336,106.08669153849284,4.489502177183694,high,-0.013008860360204655
2025-05-02 13:30:00+00:00,361,NVDA,114.18000030517578,115.1750030517578,113.37000274658205,113.90499877929688,59365090.0,4.0,1.658143121647953,116.1096796111074,103.98999003610938,60.026083160017386,140.45675393272813,33.93343324637696,109.37941996256512,106.39563153584798,0.9020557656107744,medium,0.02129471914278258
2025-05-02 14:30:00+00:00,362,NVDA,113.9000015258789,114.8000030517578,113.48999786376952,114.6501007080078,23266857.0,4.0,1.7642037358662035,116.70532552537864,103.97185419263894,61.01258594284791,132.71829438480705,33.933433246376964,109.50242335001629,106.7132999420166,1.585413251598962,high,0.006541433095088589
2025-05-02 15:30:00+00:00,363,NVDA,114.66000366210938,115.25,114.5500030517578,114.74500274658205,20729043.0,4.0,1.8347653057996351,117.2497950677824,104.02838486385824,61.13894875010621,130.40981200868143,36.1546332624112,109.7097501118978,107.03238334655762,1.1849660571406433,medium,0.0008277536433740629
2025-05-02 16:30:00+00:00,364,NVDA,114.74500274658205,114.97989654541016,113.9499969482422,114.364501953125,15564881.0,4.0,1.8387862411036051,117.66488626695852,104.05173360608836,60.32795644892476,108.08834900869157,29.928476228341506,109.96856689453124,107.32512499491374,0.5974018383147868,low,-0.003316055465155121
2025-05-02 17:30:00+00:00,365,NVDA,114.36499786376952,114.87999725341795,114.19000244140624,114.8000030517578,14510300.0,4.0,1.8557225459637152,118.11728353499149,104.13933649064327,60.94139690825222,102.54923701179204,29.928476228341506,110.24353688557945,107.58812510172524,0.7218475315650171,medium,0.00380800940147763
2025-05-02 18:30:00+00:00,366,NVDA,114.80999755859376,115.02999877929688,114.22000122070312,114.47000122070312,19985024.0,4.0,1.8215189630097088,118.4659644648998,104.34565586591071,60.2115728627444,93.25485694084432,30.83204247142584,110.51653696695963,107.84770851135254,0.062111583032348934,low,-0.002874580333468213
2025-05-02 19:30:00+00:00,367,NVDA,114.47000122070312,114.62999725341795,113.9000015258789,114.38999938964844,19368086.0,4.0,1.7675813207478228,118.51863977930022,105.13348042944,60.03127517132689,80.912681010746,27.094695293654222,110.75287017822264,108.09337514241535,1.1722084309506466,medium,-0.0006988890556612892
2025-05-05 13:30:00+00:00,368,NVDA,112.90499877929688,114.37999725341795,112.7699966430664,113.24500274658205,38031331.0,0.0,1.6138403437937967,118.3713418689694,105.96777861442902,57.482826719723995,57.95896927798421,14.723898573837143,110.9213701883952,108.34570846557617,6.408533760576497,high,-0.010009586932212211
2025-05-05 14:30:00+00:00,369,NVDA,113.24700164794922,113.97000122070312,112.66000366210938,113.9198989868164,17940252.0,0.0,1.52883454518701,118.0931609055663,107.0324494459962,58.55562948566978,55.41699705929704,13.573638269019778,111.09736684163413,108.6029567718506,0.5658710338861395,low,0.005959611672619491
2025-05-05 15:30:00+00:00,370,NVDA,113.91999816894533,114.12000274658205,113.4000015258789,113.78500366210938,13139046.0,0.0,1.4340510640206077,117.67416845072437,108.18294214497875,58.25171781050523,57.44871218448898,14.818671789054411,111.2725336710612,108.87095680236816,0.6303806215847642,low,-0.0011841243356671693
2025-05-05 16:30:00+00:00,371,NVDA,113.87999725341795,114.16000366210938,113.8499984741211,114.12999725341795,10787578.0,0.0,1.370968895871897,117.1992962508588,109.3513141007037,58.81721677075174,60.20076945173204,15.167039094136957,111.44987360636394,109.12512346903485,0.337992403256715,low,0.0030319776790010966
2025-05-05 17:30:00+00:00,372,NVDA,114.13500213623048,114.52999877929688,114.0999984741211,114.37100219726562,9164969.0,0.0,1.3251474332033553,116.36735993029198,110.89485091565528,59.216440646922194,63.311342986851514,18.46413384241313,111.63307367960611,109.29489021301268,1.1124721051677262,medium,0.002111670460418269
2025-05-05 18:30:00+00:00,373,NVDA,114.37000274658205,114.66000366210938,114.04000091552734,114.3740005493164,11760297.0,0.0,1.2743852163679463,115.43049987568904,112.39161087260196,59.22152823204155,60.925249236617205,19.63727114696825,111.82104034423828,109.482173538208,1.1428356022160933,medium,2.621601623808978e-05
2025-05-05 19:30:00+00:00,374,NVDA,114.36000061035156,114.62000274658205,113.66999816894533,113.80999755859376,11600077.0,0.0,1.1750996487455865,115.4308351707519,112.43927515029304,57.81802992916819,50.83530298010271,14.61997822051106,111.948703511556,109.65634015401204,1.1569191332193758,medium,-0.004931216780158509
2025-05-06 13:30:00+00:00,375,NVDA,111.44499969482422,112.97000122070312,110.8219985961914,112.65499877929688,44297315.0,1.0,0.9917837071175484,115.43930405776482,112.2638064463856,55.053989128921096,3.8059007894645904,14.784839572847178,112.05720342000326,109.80125681559244,4.990621413808418,high,-0.01014848259444212
2025-05-06 14:30:00+00:00,376,NVDA,112.6500015258789,113.25,112.58000183105467,113.06999969482422,18483594.0,1.0,0.8699632138371669,115.44652747594274,112.19840279139125,55.83870732585453,21.975984303417583,11.771357509839614,112.19553680419922,109.957173538208,1.1140350122092662,medium,0.003683821579372415
2025-05-06 15:30:00+00:00,377,NVDA,113.06500244140624,113.79000091552734,112.5999984741211,113.01789855957033,15157659.0,1.0,0.7604494808042261,115.4554611801834,112.13477929833222,55.71238047354645,22.40288785638653,6.032503852006989,112.42996673583984,110.1338052113851,0.824495164169708,medium,-0.0004607865516451648
2025-05-06 16:30:00+00:00,378,NVDA,113.01010131835938,113.4000015258789,112.61000061035156,112.91999816894533,13211868.0,1.0,0.6581723142949016,115.46312435031822,112.0521161281974,55.46844956071303,12.654881820451378,6.032503852006991,112.64813334147136,110.30688845316568,0.6707359084052545,low,-0.0008662379310955259
2025-05-06 17:30:00+00:00,379,NVDA,112.93000030517578,113.77999877929688,112.72000122070312,113.68000030517578,11895316.0,1.0,0.6311670429764007,115.46024412512884,112.12299638390436,56.9810646515683,22.705107917657884,1.8283678138887336,112.90230000813804,110.44541015625,1.359226799215482,medium,0.006730447649258453
2025-05-06 18:30:00+00:00,380,NVDA,113.66999816894533,114.3000030517578,113.55999755859376,114.2300033569336,16085333.0,1.0,0.6466911673773268,115.21936937128176,112.63387159551512,58.047877156087175,48.56603573346661,3.753904446419824,113.16096674601236,110.59349352518716,3.0779534736407457,high,0.004838168985585201
2025-05-06 19:30:00+00:00,381,NVDA,114.2313995361328,114.73999786376952,113.37999725341795,113.44499969482422,15975805.0,1.0,0.5888628682368022,115.21423385621716,112.59300720213244,55.99753113505258,35.21911638458115,8.300771471934265,113.3693000793457,110.7217618306478,0.10981547679870361,low,-0.006872132005953602
2025-05-07 13:30:00+00:00,382,NVDA,113.04499816894533,113.6500015258789,112.61499786376952,113.48030090332033,36330539.0,2.0,0.5396611591237246,115.1193820146531,112.57087906322776,56.06971597140412,-25.353179725769515,0.4407675679961997,113.57681020100912,110.84151687622072,0.04089235778594775,low,0.00031117465371832687
2025-05-07 14:30:00+00:00,383,NVDA,113.4800033569336,113.66999816894533,112.93009948730467,113.29499816894533,16245674.0,2.0,0.4801808423000864,114.99525947719783,112.55000114291934,55.574652142445224,-47.80229759658143,0.2147471425167331,113.727476755778,110.95752182006837,0.5422164689686789,low,-0.0016329066181527407
2025-05-07 15:30:00+00:00,384,NVDA,113.29000091552734,114.22000122070312,113.2300033569336,113.67990112304688,15074340.0,2.0,0.4588118172834043,114.92917689501093,112.54762364209844,56.40182041780045,-0.7199350517025943,6.0042127415622275,113.73914006551108,111.0901035308838,0.14773225909725438,low,0.003397351695328954
2025-05-07 16:30:00+00:00,385,NVDA,113.68000030517578,114.12999725341795,113.59490203857422,113.94499969482422,9835847.0,2.0,0.4579885433832515,114.78283758210992,112.6084626193061,56.97262478422066,22.933322674085492,6.004212741562228,113.72647349039714,111.21618690490725,0.8751942199533834,medium,0.002331973982721891
2025-05-07 17:30:00+00:00,386,NVDA,113.9499969482422,114.0,112.28179931640624,113.0000991821289,20558834.0,2.0,0.3767476064842583,114.6874476214698,112.5568623760888,54.34893823804132,-71.6883954235008,9.343572556826569,113.70475006103516,111.30717188517252,2.266734695826551,high,-0.008292601827425639
2025-05-07 18:30:00+00:00,387,NVDA,112.99500274658205,113.87999725341795,112.7699966430664,113.23500061035156,19343637.0,2.0,0.3275424552508497,114.57842594298832,112.55038417664058,54.88326413204631,-46.437442194456565,9.343572556826588,113.69375686645508,111.3834218343099,0.6792046800907696,low,0.002078771876510066
2025-05-07 19:30:00+00:00,388,NVDA,113.2300033569336,117.68000030517578,113.19000244140624,117.0199966430664,63856483.0,2.0,0.5871957387432332,115.58909412849744,111.9172153807799,62.2485839966368,236.73806970154052,26.058213053002294,113.80542348225912,111.50917180379231,9.518050662175588,high,0.03342602563088448
2025-05-08 13:30:00+00:00,389,NVDA,118.4800033569336,118.58999633789062,116.48999786376952,117.23999786376952,59707764.0,3.0,0.8014860640569594,116.32921831220442,111.50910108476825,62.615551692980496,328.17768011884596,31.717486237551807,113.94675674438476,111.5986717224121,1.8772457322418126,high,0.0018800309948234784
2025-05-08 14:30:00+00:00,390,NVDA,117.2300033569336,117.59500122070312,115.8499984741211,117.26000213623048,31401104.0,3.0,0.9618393826722098,116.92614346764636,111.2596757767384,62.649703176536185,248.41240535446505,24.55075937015884,114.13775685628256,111.70575510660808,1.1417785054497538,medium,0.00017062668735468023
2025-05-08 15:30:00+00:00,391,NVDA,117.26000213623048,118.4499969482422,117.02999877929688,118.04989624023438,28059942.0,3.0,1.139522687517271,117.62979489752664,110.94801424553977,63.99330691367614,268.10275221094423,29.99054978309308,114.27592010498049,111.8276700337728,1.1230963979201443,medium,0.006736262063906651
2025-05-08 16:30:00+00:00,392,NVDA,118.04499816894533,118.24500274658205,117.7300033569336,117.90489959716795,13310250.0,3.0,1.2541805566809927,118.1779291759933,110.75326970706335,63.55912931016872,230.54525360292695,29.990549783093083,114.3844134012858,111.94341837565104,0.7073413873763785,low,-0.0012282657391866625
2025-05-08 17:30:00+00:00,393,NVDA,117.90499877929688,118.19100189208984,117.52999877929688,117.9749984741211,13827447.0,3.0,1.3353114978433354,118.67503466852904,110.61626400700808,63.68236225470121,194.69556950033788,27.53271723996938,114.49207992553713,112.10091501871744,1.0590654648008908,medium,0.0005945374381610691
2025-05-08 18:30:00+00:00,394,NVDA,117.97460174560548,118.68000030517578,117.86000061035156,118.54049682617188,15953072.0,3.0,1.4287693801387604,119.2464644665854,110.51788413570952,64.67917249430627,184.76569080869297,30.945163501336637,114.63127975463868,112.29992332458497,2.129287202606283,high,0.004793374523118343
2025-05-08 19:30:00+00:00,395,NVDA,118.5500030517578,118.5999984741211,117.29499816894533,117.37000274658205,16200137.0,3.0,1.3923363484640277,119.48504573671046,110.75080326231296,61.08897085037485,135.46685362097102,23.747886705283356,114.7169464111328,112.48024164835611,1.259049038219595,medium,-0.009874212703075202
2025-05-09 13:30:00+00:00,396,NVDA,117.34500122070312,118.2300033569336,115.8499984741211,116.13159942626952,41154488.0,4.0,1.249134861076115,119.54960912169928,110.99239985046869,57.590172530188816,82.69692662558045,7.582001525967621,114.77233301798502,112.64443499247233,4.4022866988276865,high,-0.010551276231852924
2025-05-09 14:30:00+00:00,397,NVDA,116.12999725341795,116.7699966430664,115.20999908447266,116.37750244140624,28264877.0,4.0,1.142321003377674,119.60751788754504,111.27045147280651,58.08331009174395,53.098530219390334,1.3156638577110804,114.8385831197103,112.79572664896646,1.3235453014433747,medium,0.0021174513771580195
2025-05-09 15:30:00+00:00,398,NVDA,116.37999725341795,116.7699966430664,115.9800033569336,116.28500366210938,12954336.0,4.0,1.038238209358056,119.61626345521304,111.59820645445492,57.82168000335115,57.118777938410794,1.3156638577110693,114.9399164835612,112.9306433359782,0.9684313889710374,medium,-0.0007948166729513373
2025-05-09 16:30:00+00:00,399,NVDA,116.28019714355467,116.66999816894533,116.11000061035156,116.43000030517578,9605723.0,4.0,0.9564267700789202,119.66306044659096,111.826409463077,58.12753114151638,54.85344381760147,1.3156638577110666,115.02358652750652,113.06047668457032,0.501879041241577,low,0.0012469074988183948
2025-05-09 17:30:00+00:00,400,NVDA,116.42150115966795,116.91999816894533,116.2300033569336,116.58000183105467,9257679.0,4.0,0.8933959719095128,119.72991986357177,111.9945498935083,58.44997425564728,57.0791925521212,3.984172056807174,115.11675313313802,113.19464340209962,0.12508018335063031,low,0.0012883408527504248
2025-05-09 18:30:00+00:00,401,NVDA,116.5802001953125,116.8000030517578,116.47000122070312,116.7251968383789,8950592.0,4.0,0.8454142249603649,119.73736264580036,112.31512682563516,58.767909850269334,56.32629203400722,3.984172056807168,115.20325978597003,113.326566696167,2.1834634308923753,high,0.0012454538089186062
2025-05-09 19:30:00+00:00,402,NVDA,116.7249984741211,116.86499786376952,116.43000030517578,116.62069702148438,11620676.0,4.0,0.7898511703053543,119.70155721400428,112.66497186924768,58.43499896237286,51.82883873364411,4.749335839252942,115.278249613444,113.45566164652506,0.8110870743143411,medium,-0.0008952635739756243
2025-05-12 13:30:00+00:00,403,NVDA,121.94000244140624,122.81999969482422,120.47000122070312,120.86000061035156,70528533.0,0.0,1.07549577365846,120.38569356642788,112.73733576096468,66.41845106859776,200.56840172402173,46.50371882183588,115.49444961547852,113.6577449798584,25.1321219253002,high,0.03635121120984386
2025-05-12 14:30:00+00:00,404,NVDA,120.86000061035156,121.8499984741211,120.27999877929688,121.65139770507812,28095532.0,0.0,1.350166433145105,121.16263534326036,112.75754364233536,67.61952391340867,177.99384783363624,44.34558416904294,115.75582962036133,113.85226656595866,2.199802407837443,high,0.006548048078189206
2025-05-12 15:30:00+00:00,405,NVDA,121.65499877929688,122.72000122070312,121.44499969482422,122.37129974365234,22575292.0,0.0,1.607405814074795,121.98190592061844,112.78090306986006,68.67385681992053,193.42113442516785,48.08856868933288,116.07970631917318,114.06845486958822,1.52724296810781,medium,0.005917745723887924
2025-05-12 16:30:00+00:00,406,NVDA,122.375,122.93000030517578,122.33000183105467,122.6614990234375,17996416.0,0.0,1.8137784247111313,122.5559750466856,113.1729739279238,69.09350988798809,191.40884790080705,48.9740311133166,116.39942296346028,114.29747988382977,1.0902469026384074,medium,0.002371465207880341
2025-05-12 17:30:00+00:00,407,NVDA,122.66500091552734,122.94000244140624,122.47000122070312,122.73500061035156,15972208.0,0.0,1.9606599023742035,122.98084087995876,113.69810809465062,69.20161222900123,176.50829851513626,49.01830630517232,116.723326365153,114.57664655049642,0.7745025446693479,medium,0.0005992229631892609
2025-05-12 18:30:00+00:00,408,NVDA,122.73500061035156,123.0,122.47000122070312,122.58499908447266,19606969.0,0.0,2.0414283468848424,123.5820358547948,113.6534133639552,68.69435449585512,157.62513167164008,49.30039021703955,117.04549306233724,114.8468132019043,0.6665193889344153,low,-0.001222157698561599
2025-05-12 19:30:00+00:00,409,NVDA,122.58000183105467,123.0,122.07009887695312,122.98999786376952,24973516.0,0.0,2.113751921452362,124.18928906567724,113.62116015307276,69.32243405069097,142.53673827791022,43.63777822836205,117.35582631429035,115.1290631612142,1.3375663072605881,medium,0.003303820062174001
2025-05-13 13:30:00+00:00,410,NVDA,124.97000122070312,129.49989318847656,124.47000122070312,129.21499633789062,97107956.0,1.0,2.642908424573875,126.44733808307863,112.55861055583736,76.74193073266508,236.79461938584703,66.02596612847067,117.85532608032229,115.50814641316732,29.049936052591825,high,0.050613859519017534
2025-05-13 14:30:00+00:00,411,NVDA,129.22500610351562,130.8300018310547,128.9199981689453,129.8300018310547,69868680.0,1.0,3.07643138317421,128.38480986085108,111.79914933714694,77.30296032041092,238.6268278811771,68.7420082578234,118.40149281819662,115.88539644877116,1.998572246672755,high,0.004759551991595945
2025-05-13 15:30:00+00:00,412,NVDA,129.8350067138672,130.47999572753906,129.32000732421875,130.4600067138672,33679000.0,1.0,3.43128387548515,130.13968625548043,111.29978365418754,77.86868802057842,205.72943807100603,68.74200825782339,118.96748301188153,116.27214660644532,1.3455763215386292,medium,0.004852536963161347
2025-05-13 16:30:00+00:00,413,NVDA,130.4499969482422,130.99000549316406,130.08999633789062,130.8350067138672,24889147.0,1.0,3.700113789683357,131.7043701324342,111.02110060120836,78.20322268310706,186.71882646286517,69.79984189298816,119.55214996337892,116.63981335957844,0.9823224684030019,medium,0.002874444126179432
2025-05-13 17:30:00+00:00,414,NVDA,130.8350067138672,131.21890258789062,129.86000061035156,130.44500732421875,29883803.0,1.0,3.837457915995671,132.9646235699977,110.95129821344956,76.95178684399337,163.36849441957145,67.07418847218779,120.11098683675132,116.92506345113118,0.5503489004518352,low,-0.0029808489290741313
2025-05-13 18:30:00+00:00,415,NVDA,130.4499969482422,130.6750030517578,129.72000122070312,130.21499633789062,25419839.0,1.0,3.8829835440717777,133.97262449027812,111.2277966523,76.20775586132362,143.20276105126325,65.34715739050678,120.65332005818684,117.189896774292,0.09088131497594525,low,-0.0017632793392884372
2025-05-13 19:30:00+00:00,416,NVDA,130.21499633789062,130.4499969482422,129.82000732421875,129.83999633789062,22868247.0,1.0,3.8444867165636225,134.66892013325855,111.90234070048167,74.98496426600583,129.3222899686288,65.34715739050681,121.2146499633789,117.45970001220704,1.4009830398082124,medium,-0.002879852632541091
2025-05-14 13:30:00+00:00,417,NVDA,133.1699981689453,134.86000061035156,131.67999267578125,132.66000366210938,92146747.0,2.0,3.9954714192620178,135.72913978490897,112.47037117090156,77.76091873933822,156.9350161910517,74.7442146141937,121.86215006510416,117.77795346577962,6.295942741869604,high,0.02171909583915932
2025-05-14 14:30:00+00:00,418,NVDA,132.63999938964844,134.27999877929688,132.3699951171875,134.15499877929688,35295196.0,2.0,4.187490709422306,136.83851178021396,113.14799868731534,79.03672059409277,148.40264438844255,74.74421461419371,122.43331680297852,118.11937014261882,3.047542359314264,high,0.011269373405079275
2025-05-14 15:30:00+00:00,419,NVDA,134.15499877929688,135.11000061035156,133.9600067138672,134.97000122070312,30186219.0,2.0,4.355226921148102,137.84539485865753,113.9951157004245,79.69368215488048,144.91430628700962,76.13597415870989,123.02431691487632,118.48553682963052,1.8807850257715801,high,0.006075080681466449
2025-05-14 16:30:00+00:00,420,NVDA,134.97830200195312,135.43499755859375,133.9600067138672,134.4600067138672,25502850.0,2.0,4.396328642939011,138.46888932324683,115.15962172411643,78.10910910060954,128.6348280877706,76.67400532119845,123.59765040079752,118.86770362854004,0.9113950478041041,medium,-0.003778576737226147
2025-05-14 17:30:00+00:00,421,NVDA,134.46090698242188,135.14999389648438,134.22999572753906,134.55999755859375,18795906.0,2.0,4.386406712947775,138.82731914088708,116.5846719784977,78.1970360298304,116.52392386760278,76.67400532119844,124.1479871114095,119.211953608195,0.6474184731509852,low,0.0007436474768243162
2025-05-14 18:30:00+00:00,422,NVDA,134.55499267578125,135.32000732421875,134.55149841308594,134.88999938964844,21685495.0,2.0,4.354970512577822,138.8744818188361,118.36443953736506,78.49197916147924,109.11354318365612,76.98419068603941,124.7141571044922,119.549285252889,0.820691506060246,medium,0.0024524512265318155
2025-05-14 19:30:00+00:00,423,NVDA,134.88999938964844,135.39500427246094,134.25999450683594,135.34710693359375,23440039.0,2.0,4.317176136732911,139.33427585882126,119.3533561297041,78.90096718777536,101.35891282670616,72.77321818922283,125.2932273864746,119.89265365600586,2.231555129903211,high,0.0033887430203398683
2025-05-15 13:30:00+00:00,424,NVDA,134.2949981689453,134.72000122070312,132.66000366210938,133.27000427246094,64545441.0,3.0,4.072671770875331,139.36805276612466,120.48143987913902,72.42695925079711,80.4586964303374,51.60867934570316,125.78421096801758,120.20774536132812,4.459493251956126,high,-0.015346487325746172
2025-05-15 14:30:00+00:00,425,NVDA,133.3000030517578,134.49000549316406,132.84010314941406,134.38499450683594,26958012.0,3.0,3.923641397280363,139.46038889160116,121.59047322998089,73.6285624168694,78.92940607904423,51.608679345703166,126.35137736002604,120.53416188557942,0.15587466080265075,low,0.008366400529975948
2025-05-15 15:30:00+00:00,426,NVDA,134.39999389648438,135.25,134.2100067138672,135.2165985107422,22394144.0,3.0,3.828504627427463,139.50710838060817,122.7992636897043,74.48642262483109,84.32976359718694,54.625598317902266,126.98754399617512,120.87993850708008,0.9376976038395236,medium,0.006188220693523538
2025-05-15 16:30:00+00:00,427,NVDA,135.21499633789062,136.3000030517578,135.10000610351562,136.22000122070312,27539610.0,3.0,3.790381110788303,139.4667746473461,124.18809748400152,75.48194425654393,90.43831268973656,58.45118960187955,127.64896062215168,121.24377187093098,1.8983862278812624,high,0.007420706636702024
2025-05-15 17:30:00+00:00,428,NVDA,136.22000122070312,136.22000122070312,134.75999450683594,135.36000061035156,22560474.0,3.0,3.648712995093802,138.89152961502825,126.04084266890727,72.9578918547914,82.24502748541322,53.957979515178735,128.28479385375977,121.61235516866049,0.42393460273103495,low,-0.006313321117639603
2025-05-15 18:30:00+00:00,429,NVDA,135.36000061035156,135.58999633789062,133.58999633789062,133.73500061035156,23291803.0,3.0,3.36650905265401,137.64065245230904,128.3662201062847,68.48170975450121,66.50785783745212,39.41583447220864,128.86162719726562,121.94260686238609,1.03584972362628,medium,-0.012005023586530106
2025-05-15 19:30:00+00:00,430,NVDA,133.73500061035156,134.9499969482422,133.72999572753906,134.89999389648438,19243632.0,3.0,3.1999782595775628,137.63501732790866,128.9403549865445,69.85343344906235,66.97652720309962,39.415834472208616,129.4722935994466,122.29452336629232,0.08732476421256252,low,0.008711207094746376
2025-05-16 13:30:00+00:00,431,NVDA,136.25,136.30999755859375,135.02000427246094,135.4250030517578,57460183.0,4.0,3.0749194995015614,137.69230202497806,129.44257041154538,70.45292788040179,79.64447232107989,46.16945091050229,130.09562047322592,122.64944012959798,0.37643834686912736,low,0.00389183972592555
2025-05-16 14:30:00+00:00,432,NVDA,135.4250030517578,135.42999267578125,133.4600067138672,134.86500549316406,34733736.0,4.0,2.897225001896061,137.67765510101657,129.89771721343658,68.94019475790108,62.60987352080879,28.592575745595116,130.70376408894856,122.99100685119627,0.28837277620255275,low,-0.004135112024917009
2025-05-16 15:30:00+00:00,433,NVDA,134.86000061035156,135.3300018310547,134.57000732421875,134.7949981689453,17561863.0,4.0,2.7194042271746355,137.63876265368367,130.33260880627728,68.74929204413579,63.86282851059816,28.592575745595116,131.16826400756835,123.33135681152343,0.09150655025078018,low,-0.0005190918427115943
2025-05-16 16:30:00+00:00,434,NVDA,134.8000030517578,135.82989501953125,134.42999267578125,135.82179260253906,19290065.0,4.0,2.6310051222843924,137.58786553985465,130.92118444793834,70.00934509314162,68.43286061283817,31.604162755790156,131.6406105041504,123.69822006225586,1.7464451924039885,high,0.007617452038589878
2025-05-16 17:30:00+00:00,435,NVDA,135.82009887695312,136.25,134.95199584960938,135.03500366210938,25639188.0,4.0,2.468999809845684,137.24498417140583,131.746066548809,67.84104447955065,66.83691327999634,34.1009166066204,132.06273396809897,124.07122014363608,0.2832405517269848,low,-0.005792803388570356
2025-05-16 18:30:00+00:00,436,NVDA,135.03500366210938,135.63999938964844,135.01499938964844,135.08030700683594,17202833.0,4.0,2.3175497628152755,136.4247297748862,133.09035201222315,67.9002633642861,61.566985256933286,34.100916606620416,132.47669423421223,124.43805859883626,0.25121157662033455,low,0.0003354933424515316
2025-05-16 19:30:00+00:00,437,NVDA,135.0850067138672,135.4199981689453,134.875,135.32000732421875,18371101.0,4.0,2.191602887892458,136.24899524556884,133.53208690775148,68.22057004049874,59.29759072185466,32.26235572415168,132.8961944580078,124.8097604115804,0.48939433142747246,low,0.0017745023141728655
2025-05-19 13:30:00+00:00,438,NVDA,132.83999633789062,135.8699951171875,132.57000732421875,135.28500366210938,70608935.0,0.0,2.0651587149739328,136.2702250349197,133.6238576066819,68.11788815673671,40.93142329974742,6.551671246198467,133.31952794392905,125.18251050313314,0.1916042650857793,low,-0.00025867322062367304
2025-05-19 14:30:00+00:00,439,NVDA,135.2949981689453,135.39999389648438,134.27999877929688,134.9250030517578,30377827.0,0.0,1.9138401978732416,136.2679637731479,133.62161905155912,67.0442619383021,47.76818784823856,6.551671246198467,133.7173614501953,125.53659388224284,1.226313997687401,medium,-0.0026610533363380373
2025-05-19 15:30:00+00:00,440,NVDA,134.9199981689453,135.72000122070312,132.85000610351562,135.22500610351562,17839663.0,0.0,1.7974075268049603,136.291352633529,133.67473013014288,67.48604335952592,33.90525093651694,6.353416921532201,133.91769510904948,125.88651059468587,0.5692008614961676,low,0.0022234800442637592
2025-05-19 16:30:00+00:00,441,NVDA,135.22109985351562,135.6999969482422,134.69000244140625,135.27499389648438,15733373.0,0.0,1.6896897021671575,136.31746917266946,133.72011322479148,67.56099919010825,59.7213453296392,6.353416921532191,134.0991948445638,126.2503438313802,0.6605764680025205,low,0.00036966382482894744
2025-05-19 17:30:00+00:00,442,NVDA,135.27999877929688,135.69000244140625,133.0,135.0850067138672,13132000.0,0.0,1.57088399932573,136.32607582989863,133.7310072999842,66.95412795432753,24.817490866930324,19.517303701640405,134.25336151123048,126.610422261556,0.7528514792103216,medium,-0.0014044516073870028
2025-05-19 18:30:00+00:00,443,NVDA,135.0850067138672,135.47000122070312,134.99000549316406,135.1199951171875,13714659.0,0.0,1.462691893953263,136.3069332297175,133.72743871852472,67.01058240896505,58.28818130618016,19.517303701640405,134.3961944580078,126.97417221069335,0.25456852648192446,low,0.00025901026451014
2025-05-19 19:30:00+00:00,444,NVDA,135.1199951171875,135.60000610351562,135.0800018310547,135.49000549316406,13501113.0,0.0,1.3907736431672504,136.13614092645452,134.120231143858,67.61582143068712,73.27817900975678,18.05852544576866,134.56436106363932,127.33767395019532,2.674089175186947,high,0.002738383580133119
2025-05-20 13:30:00+00:00,445,NVDA,134.2899932861328,134.5800018310547,132.6199951171875,132.9499969482422,47478213.0,1.0,1.1159563987323793,136.42642157394985,133.68645074050326,59.82188439400054,-116.53013179123926,34.28317699284684,134.65552775065103,127.65442390441896,14.308287565160926,high,-0.018746833286164666
2025-05-20 14:30:00+00:00,446,NVDA,132.94000244140625,133.9199981689453,132.75,133.77499389648438,23892925.0,1.0,0.9537380133656086,136.46600623646177,133.50270561656558,61.31996720000593,-147.08339304202957,34.28317699284683,134.7866943359375,128.0006721496582,0.9724273930806931,medium,0.006205317541777555
2025-05-20 15:30:00+00:00,447,NVDA,133.77999877929688,134.25999450683594,133.63999938964844,134.0845947265625,16269373.0,1.0,0.8404725296415734,136.29048625192357,133.4646849516897,61.87187274962215,-93.56019545212466,30.21138212252564,134.8341807047526,128.3481653849284,0.3710941247001583,low,0.0023143400800129665
2025-05-20 16:30:00+00:00,448,NVDA,134.0850067138672,134.44000244140625,134.02999877929688,134.10499572753906,12840545.0,1.0,0.7437811617916168,136.24884249148715,133.3808282238449,61.90892152127074,-73.46109286539082,28.014510949442705,134.83251393636067,128.6329153696696,0.1739532316608898,low,0.0001521502229109295
2025-05-20 17:30:00+00:00,449,NVDA,134.10000610351562,134.24000549316406,133.3699951171875,133.4499969482422,14347265.0,1.0,0.6072990631414541,136.28456755722286,133.31660279189825,59.97339449229926,-128.3212755044591,32.47939667584136,134.78184712727864,128.90308202107747,0.6885245513916695,low,-0.004884223557395595
2025-05-20 18:30:00+00:00,450,NVDA,133.4499969482422,133.9199981689453,133.02999877929688,133.81500244140625,16515666.0,1.0,0.5225651042446771,136.29301956158133,133.19965164203194,60.68202414304762,-128.0744055383503,34.709410564763026,134.76034698486328,129.1789986928304,0.2932747843398677,low,0.0027351480068271705
2025-05-20 19:30:00+00:00,451,NVDA,133.82000732421875,134.4600067138672,133.8000030517578,134.3800048828125,14603744.0,1.0,0.4952943613551781,136.21461926789766,133.17355211882108,61.765938999484334,-51.10410378458111,27.556794102730965,134.7543472290039,129.4511671702067,1.9944936677014005,high,0.004222265299839156
2025-05-21 13:30:00+00:00,452,NVDA,133.0449981689453,134.89999389648438,133.0,134.0850067138672,43028055.0,2.0,0.444751397051732,136.19702232822667,133.11314918056237,60.85973427559512,-71.35277723668413,33.175752142020485,134.7275141398112,129.7208356221517,0.33607939581224017,low,-0.0021952534471372243
2025-05-21 14:30:00+00:00,453,NVDA,134.08999633789062,135.97999572753906,133.77000427246094,135.87579345703125,29055499.0,2.0,0.5429385994361837,136.34462613605524,133.07362490154242,64.16169944705592,64.40214528218922,19.76967975738761,134.7451370239258,130.0191822052002,5.431914345985793,high,0.013355607663021907
2025-05-21 15:30:00+00:00,454,NVDA,135.875,137.39999389648438,135.72000122070312,137.0850067138672,35553645.0,2.0,0.7101400166708913,136.66590952360465,132.87866292512587,66.15609575629733,211.10740304996395,4.924654582872056,134.87230377197267,130.32825736999513,2.958381339891513,high,0.008899401623132519
2025-05-21 16:30:00+00:00,455,NVDA,137.0850067138672,137.39999389648438,133.11500549316406,133.21499633789062,34652134.0,2.0,0.5243267378832286,136.6929938887993,132.6695778275093,55.86350466690666,-20.204761624613848,23.515199342906495,134.83330383300782,130.59234059651692,1.3188167384365956,medium,-0.028230734117074552
2025-05-21 17:30:00+00:00,456,NVDA,133.22999572753906,134.22000122070312,132.28469848632812,132.84500122070312,43037831.0,2.0,0.343256020221105,136.73070920366175,132.40833193403353,55.01694332991822,-161.45007277422152,28.29251644940682,134.7542505900065,130.87089729309082,1.3519956916576101,medium,-0.0027774284229159507
2025-05-21 18:30:00+00:00,457,NVDA,132.84500122070312,133.44500732421875,130.58999633789062,131.07870483398438,36210032.0,2.0,0.0565786120556026,136.9896100263241,131.72530086234775,51.18627441832344,-270.5116505175629,36.89268575918272,134.58287404378254,131.11591733296711,1.9601712507462596,high,-0.013295919082301766
2025-05-21 19:30:00+00:00,458,NVDA,131.0800018310547,132.41000366210938,131.07000732421875,131.72999572753906,23830741.0,2.0,-0.1167161363039497,137.02003208874348,131.33937800647138,52.44917991303439,-227.63337810073563,36.89268575918271,134.46187388102214,131.37333386739095,0.944378847263135,medium,0.004968701013483123
2025-05-22 13:30:00+00:00,459,NVDA,132.17999267578125,133.9499969482422,131.55479431152344,133.0399932861328,55798007.0,3.0,-0.1466570468824102,136.94667383462306,131.22423528402928,54.87821562840118,-121.00365642365874,21.73258142553696,134.43870697021484,131.65016708374023,0.06445519634382578,low,0.009944565407132178
2025-05-22 14:30:00+00:00,460,NVDA,133.0399932861328,133.5,132.52999877929688,132.8800048828125,25893008.0,3.0,-0.1812063275505409,136.8249901205856,131.11141887599643,54.526312367669966,-101.4440271397242,21.732581425536956,134.37137400309246,131.92183380126954,0.5353609495429251,low,-0.0012025587146281547
2025-05-22 15:30:00+00:00,461,NVDA,132.8800048828125,133.85000610351562,132.5800018310547,133.39500427246094,20481345.0,3.0,-0.1651272505231418,136.67307532882742,131.07533470535228,55.477024330504015,-73.20862163636085,18.329295733556695,134.3037073771159,132.1996639251709,1.2481303361635032,medium,0.00387567256716026
2025-05-22 16:30:00+00:00,462,NVDA,133.40499877929688,133.6699981689453,133.00999450683594,133.51100158691406,16235179.0,3.0,-0.1413945440008603,136.53899304086016,131.0520164806242,55.69286185974679,-60.01362896799584,18.329295733556688,134.25857391357422,132.4811690012614,1.111312304368668,medium,0.0008695776508707009
2025-05-22 17:30:00+00:00,463,NVDA,133.51730346679688,133.72000122070312,133.11000061035156,133.3350067138672,13441513.0,3.0,-0.1352286863817369,136.3836630537353,131.02884762741706,55.272304065856446,-56.61244583953245,17.791701555893034,134.20990753173828,132.68908576965333,0.5983618747740286,low,-0.0013182050239680665
2025-05-22 18:30:00+00:00,464,NVDA,133.3302001953125,134.25,133.21499633789062,133.918701171875,20043231.0,3.0,-0.0822942977349896,136.17370253022312,131.08167771880034,56.40184778255597,-24.19461217079657,12.025103450627752,134.14647115071614,132.89354082743327,2.6144538413640244,high,0.004377653493957467
2025-05-22 19:30:00+00:00,465,NVDA,133.9199981689453,133.97000122070312,132.66000366210938,132.78990173339844,17337021.0,3.0,-0.129930338215189,136.17565632484764,131.0637144026914,53.68935152678423,-68.47192352824497,16.595666298855672,134.0716344197591,133.06718419392902,1.6581640217193498,high,-0.008428990339652609
2025-05-23 13:30:00+00:00,466,NVDA,129.99000549316406,131.19500732421875,129.1699981689453,130.52999877929688,60714536.0,4.0,-0.3460484934688566,136.36032830913126,130.55454290668905,48.82612666450637,-249.0914061779426,38.18382506209885,133.91995747884116,133.19832585652668,7.0549127523396455,high,-0.01701863563871564
2025-05-23 14:30:00+00:00,467,NVDA,130.5500030517578,131.47999572753906,130.19000244140625,130.97999572753906,26901787.0,4.0,-0.4755310694520744,136.39003189791697,130.214379418001,49.76347035037545,-188.5314007891066,35.1306918060655,133.7752904256185,133.33574244181315,1.3696564543139906,medium,0.00344745998966145
2025-05-23 15:30:00+00:00,468,NVDA,130.9600067138672,131.2899932861328,130.6300048828125,131.00999450683594,19633301.0,4.0,-0.5691653096151867,136.3730276035292,129.92188359031846,49.82684845118968,-164.52279239215844,35.13069180606549,133.6327901204427,133.47615903218588,0.8766418869922628,medium,0.00022903328962753378
2025-05-23 16:30:00+00:00,469,NVDA,131.01109313964844,132.0989990234375,130.75,131.9499969482422,17553945.0,4.0,-0.561053305190768,136.3379166702786,129.80699452356905,51.7980579452334,-116.30774851612144,26.093508647607127,133.53362325032552,133.62549235026043,0.07209750292995201,low,0.007175043743377962
2025-05-23 17:30:00+00:00,470,NVDA,131.94979858398438,132.67999267578125,131.4199981689453,132.13499450683594,23401439.0,4.0,-0.5335463363072677,136.2599173631962,129.71699303719444,52.18055334775843,-81.26774437951822,19.93590430173185,133.43062286376954,133.6741589864095,0.7512686667409617,medium,0.001402027759548341
2025-05-23 18:30:00+00:00,471,NVDA,132.1300048828125,132.38999938964844,131.3000030517578,131.6239013671875,17163745.0,4.0,-0.5466859548883463,136.10746469565305,129.59383535317505,51.02340658328384,-92.5552472014692,20.78989963369117,133.30891977945964,133.7040573120117,0.4398583488451021,low,-0.003867962015331239
2025-05-23 19:30:00+00:00,472,NVDA,131.625,132.0,131.13999938964844,131.30999755859375,18296554.0,4.0,-0.5757912481386995,135.98370699748924,129.44009213581157,50.31449403268861,-100.96049831746592,21.97614665093347,133.1830861409505,133.7182238260905,0.43353269647114184,low,-0.0023848541589575056
2025-05-27 13:30:00+00:00,473,NVDA,134.15249633789062,135.39999389648438,133.30999755859375,135.2917938232422,60714477.0,1.0,-0.2743966476860748,135.84417876585516,129.52122040406672,57.976181507704055,88.13691645463592,8.985128593475702,133.18881276448568,133.79250361124676,8.03719131845891,high,0.030323633681218043
2025-05-27 14:30:00+00:00,474,NVDA,135.3000030517578,135.55999755859375,134.94000244140625,135.2100067138672,25220857.0,1.0,-0.0416585774504199,135.27643353526537,129.90146563465652,57.78683699619396,122.80252732895484,10.132651439291488,133.17947947184246,133.87192026774088,1.7036380328434515,high,-0.0006045238004742659
2025-05-27 15:30:00+00:00,475,NVDA,135.21499633789062,135.4499969482422,134.83999633789062,135.26199340820312,18583613.0,1.0,0.1453078928230979,135.62390834752372,129.7586905294294,57.8772956165535,110.90249549584176,9.212663236738926,133.2565460205078,133.95603688557944,1.0886802053502689,medium,0.00038448851234762493
2025-05-27 16:30:00+00:00,476,NVDA,135.26499938964844,135.66000366210938,135.17999267578125,135.60000610351562,15154754.0,1.0,0.3170996398962415,136.0378656289856,129.62023373624876,58.47580009455991,117.94748278310728,10.883728984960277,133.3173797607422,134.05203704833986,0.8954228099037836,medium,0.002498948054775685
2025-05-27 17:30:00+00:00,477,NVDA,135.6011962890625,135.64999389648438,135.0449981689453,135.25160217285156,14567409.0,1.0,0.4202877362693016,136.3093519055964,129.76603719352468,57.60308954446145,103.17704962340528,9.498810298340771,133.3562800089518,134.09523035685223,0.3962366736261235,low,-0.002569350405471904
2025-05-27 18:30:00+00:00,478,NVDA,135.2550048828125,135.4600067138672,135.00999450683594,135.13999938964844,16065055.0,1.0,0.4874407209639457,136.5476235207406,129.86876594459144,57.3196159819436,93.20060170411128,9.121041541189893,133.39078013102213,134.1116470336914,1.1620206394388095,medium,-0.0008251494356458222
2025-05-27 19:30:00+00:00,479,NVDA,135.13999938964844,135.5,134.72000122070312,135.49000549316406,20197749.0,1.0,0.5624192930597189,136.8205066069484,129.84088407908672,57.99033383098109,88.5765917876828,5.885902608823847,133.45878041585286,134.12031377156575,1.1062063204822072,medium,0.0025899519394436687
2025-05-28 13:30:00+00:00,480,NVDA,136.0500030517578,136.3000030517578,135.0,135.26499938964844,54142058.0,2.0,0.596804647064431,137.03656399926697,129.86332613745176,57.3905512075652,94.62865917293524,13.45259182064365,133.50711364746093,134.13373031616212,0.44183054951719364,low,-0.0016606841419529728
2025-05-28 14:30:00+00:00,481,NVDA,135.25999450683594,135.6300048828125,134.8000030517578,135.59190368652344,24001256.0,2.0,0.643021382322388,137.27170167077878,129.84787840734623,58.04277200826855,82.0790558817836,11.066271019080125,133.5475102742513,134.15092875162762,1.2824853883846876,medium,0.0024167692925005646
2025-05-28 15:30:00+00:00,482,NVDA,135.59500122070312,136.10000610351562,135.47999572753906,135.9403076171875,21989816.0,2.0,0.699696102337299,137.54243255553337,129.82007812561898,58.73909881111718,97.65184162650496,15.529593852355855,133.6093536376953,134.16843388875324,3.1778408446112327,high,0.002569503939332085
2025-05-28 16:30:00+00:00,483,NVDA,135.93499755859375,136.5,135.52000427246094,136.4499969482422,22906136.0,2.0,0.7767846062241404,137.88610244703472,129.7879072575551,59.75002101659598,107.701297127304,19.217884153288953,133.628493754069,134.1868153889974,3.1042721277453054,high,0.0037493613188663844
2025-05-28 17:30:00+00:00,484,NVDA,136.4499969482422,137.25,136.24000549316406,136.6699981689453,27863769.0,2.0,0.8458792909069928,138.21765333532085,129.73148606897604,60.18559512852423,131.7979747222927,25.7187514935592,133.61466013590496,134.2434819539388,1.9966148432481907,high,0.0016123211844891738
2025-05-28 18:30:00+00:00,485,NVDA,136.66000366210938,137.19000244140625,136.31500244140625,136.8300018310547,30892124.0,2.0,0.9031374779816872,138.56439967877452,129.78874973528798,60.50714109386365,124.89739658531336,25.718751493559207,133.73516031901042,134.28423207600912,1.4516498518496073,medium,0.0011707299645353775
2025-05-28 19:30:00+00:00,486,NVDA,136.8300018310547,136.8300018310547,134.7899932861328,134.8115997314453,34431570.0,2.0,0.7766935826670363,138.43360634362807,130.34770316564925,54.73822082474546,67.20986746840904,5.914820912568913,133.80071360270182,134.27748209635416,2.869540545957756,high,-0.014751166210620337
2025-05-29 13:30:00+00:00,487,NVDA,142.24000549316406,143.49000549316406,139.2899932861328,140.61929321289062,149521246.0,3.0,1.132068431493991,139.46456824889097,130.28067100892153,64.74380764796685,252.84150945293055,45.78438236198643,134.11873321533204,134.3508036295573,5.494851130915513,high,0.04308007243452838
2025-05-29 14:30:00+00:00,488,NVDA,140.61500549316406,141.94000244140625,140.17999267578125,141.66000366210938,50432815.0,3.0,1.4806145918346374,140.54804649180278,130.26219368153704,66.13169399434247,228.85988409419556,45.78438236198644,134.4497334798177,134.45580368041993,2.1430706500389665,high,0.007400907979555615
2025-05-29 15:30:00+00:00,489,NVDA,141.65499877929688,141.7100067138672,140.05499267578125,140.57020568847656,32266412.0,3.0,1.6498835162352918,141.19996400115767,130.47229704620565,63.42691716494851,191.84870540561224,44.47138151760172,134.70074055989582,134.56972376505533,0.8474153634640443,medium,-0.0076930534057603195
2025-05-29 16:30:00+00:00,490,NVDA,140.57000732421875,141.0500030517578,139.67999267578125,139.875,24634864.0,3.0,1.708241524405878,141.57947568438547,130.8667859122942,61.759978935106886,159.00067097510183,40.41578367864755,134.93390706380208,134.65264053344723,0.3332578671905384,low,-0.004945611945800454
2025-05-29 17:30:00+00:00,491,NVDA,139.87010192871094,139.99000549316406,137.91000366210938,138.44419860839844,39127901.0,3.0,1.62035846795132,141.54270924927755,131.58558207152322,58.487347318326705,108.88794413504642,22.995146694309103,135.10221354166666,134.70296045939128,0.3935415501260372,low,-0.01022914310349643
2025-05-29 18:30:00+00:00,492,NVDA,138.44500732421875,139.42999267578125,138.44000244140625,138.91000366210938,29054162.0,3.0,1.5701968357778355,141.36283655609782,132.52545537505455,59.21518836239377,105.80918269479533,22.9951466943091,135.2821802775065,134.77037709554037,1.1160503705704985,medium,0.00336456896275239
2025-05-29 19:30:00+00:00,493,NVDA,138.89999389648438,139.4600067138672,138.44000244140625,139.17999267578125,24908972.0,3.0,1.5345400158119844,141.59313993234218,132.68397188406408,59.63949304267498,100.25507253581868,23.179820233497356,135.47701314290364,134.84346033732098,0.5522618475590537,low,0.001943625416126249
2025-05-30 13:30:00+00:00,494,NVDA,138.72999572753906,139.61000061035156,135.8000030517578,137.36000061035156,70550253.0,4.0,1.3439315731171462,141.60747440904217,132.88463679701252,55.60542529634329,55.26144509466734,0.5146479979655173,135.5917231241862,134.86909713745118,2.4346558947868138,high,-0.013076535143016876
2025-05-30 14:30:00+00:00,495,NVDA,137.35000610351562,137.4499969482422,135.5449981689453,136.10499572753906,36076531.0,4.0,1.0791646649909694,141.58470021929827,132.99171121869,53.04589540107701,18.577017205063388,1.3594119376509612,135.7022262573242,134.88693033854167,2.8310618180605163,high,-0.00913661092920759
2025-05-30 15:30:00+00:00,496,NVDA,136.10499572753906,136.22000122070312,133.38999938964844,133.58999633789062,41219309.0,4.0,0.6588012994501753,141.73706230338794,132.6383481580378,48.42497808260693,-43.13045590634074,15.57843467555948,135.80422617594402,134.8620918273926,3.481273982666417,high,-0.018478376757625203
2025-05-30 16:30:00+00:00,497,NVDA,133.58999633789062,134.91000366210938,132.9199981689453,134.46229553222656,38667810.0,4.0,0.3915341960880028,141.78124049861378,132.51523929874952,49.98812707991243,-57.545852301970214,18.323342137548615,135.92030283610026,134.84779663085936,1.1214018993530293,medium,0.006529674513424011
2025-05-30 17:30:00+00:00,498,NVDA,134.4600067138672,135.10000610351562,133.7899932861328,134.77999877929688,25333394.0,4.0,0.2030188134926049,141.79875378004033,132.4617259562878,50.55278089424082,-49.195353869025176,16.683851448950477,136.04596964518228,134.8393798828125,0.6072336472197327,low,0.0023627682824600704
2025-05-30 18:30:00+00:00,499,NVDA,134.77999877929688,135.47000122070312,134.2100067138672,135.26499938964844,25676693.0,4.0,0.091697479082768,141.80519725524292,132.43278187073363,51.418983788982,-40.819995758911006,13.412699475637057,136.1564697265625,134.845046488444,0.0037407349724857277,low,0.003598461305417855
2025-05-30 19:30:00+00:00,500,NVDA,135.27000427246094,135.74000549316406,134.4199981689453,134.83999633789062,30087974.0,4.0,-0.0304684534763737,141.82303697760508,132.37244184319567,50.6152136760663,-45.13720759217129,10.985559731452268,136.24663645426432,134.83862965901693,0.0004933654254898851,low,-0.003142003132188931
2025-06-02 13:30:00+00:00,501,NVDA,135.5399932861328,137.66000366210938,135.4199981689453,136.66009521484375,56937755.0,0.0,0.0193577884462285,141.82868805584872,132.47360991778407,53.81372223572899,5.056349518959485,4.54310986934672,136.41450958251954,134.8617146809896,3.3077580483662703,high,0.01349821215058622
2025-06-02 14:30:00+00:00,502,NVDA,136.66000366210938,137.17999267578125,136.0,136.45989990234375,23706991.0,0.0,0.0422048443577125,141.83206837553402,132.52218882661444,53.420044581776665,-2.641015379856948,4.543109869346719,136.58617299397787,134.8846295674642,1.4564299906254705,medium,-0.0014649141886318162
2025-06-02 15:30:00+00:00,503,NVDA,136.47000122070312,137.63999938964844,136.36000061035156,137.4075927734375,20963251.0,0.0,0.1352234238131018,141.8681413919877,132.58187539268027,55.03105158783433,17.854100082140143,8.064715698888369,136.65669962565104,134.92275619506836,2.011847638196802,high,0.006944845128656452
2025-06-02 16:30:00+00:00,504,NVDA,137.38999938964844,137.73500061035156,137.05999755859375,137.57000732421875,14436996.0,0.0,0.219516367052023,141.9079357086527,132.63208199154263,55.30510603270266,27.875191271995725,8.807429733309478,136.73536631266276,134.9574228922526,1.3709727540649588,medium,0.0011819910930908062
2025-06-02 17:30:00+00:00,505,NVDA,137.5601043701172,138.1199951171875,137.1199951171875,138.03140258789062,16905714.0,0.0,0.319862695557191,141.9751256532906,132.68503212258832,56.091507115332256,36.615051370585626,11.890964829217818,136.8276799519857,135.04211298624674,1.3301626190600975,medium,0.0033538943018625034
2025-06-02 18:30:00+00:00,506,NVDA,138.0399932861328,138.0500030517578,137.50999450683594,137.625,14148724.0,0.0,0.3624168753171943,141.96253468023787,132.9789631224965,55.20642732623223,32.43918092208148,11.890964829217811,136.89517974853516,135.10627975463868,0.6110622562510964,low,-0.0029442763043130427
2025-06-02 19:30:00+00:00,507,NVDA,137.62669372558594,137.6999969482422,136.9600067138672,137.3699951171875,16432511.0,0.0,0.3712846679495953,141.5485815453067,133.06798644785735,54.64671526557018,14.324356063706276,6.037987713001715,136.96579284667968,135.16103642781576,0.08365769009720364,low,-0.001852896514532243
2025-06-03 13:30:00+00:00,508,NVDA,138.77999877929688,141.5,137.9550018310547,141.3000030517578,72503390.0,1.0,0.6875061108842715,141.45518650815583,133.1253814239731,60.957468261089346,123.04746740536528,32.22325912461199,137.17112630208334,135.28095321655277,14.043189888670083,high,0.028608925342231473
2025-06-03 14:30:00+00:00,509,NVDA,141.2917022705078,142.0,140.8800048828125,141.8199005126953,33656146.0,1.0,0.9688964278921048,141.75556483619627,132.94997257835453,61.68703615116755,157.75425012076474,34.7797088635246,137.3821228027344,135.42045160929362,2.08482556158407,high,0.003679387471400508
2025-06-03 15:30:00+00:00,510,NVDA,141.80999755859375,141.9398956298828,140.32000732421875,141.56500244140625,21536837.0,1.0,1.1579836229619218,142.10102318439948,132.77351447429191,61.10787815982288,132.91252424915984,28.95627840459543,137.59212290445964,135.54961827596028,1.087133574302733,medium,-0.0017973364130673408
2025-06-03 16:30:00+00:00,511,NVDA,141.56820678710938,141.86000061035156,141.5500030517578,141.61500549316406,13738770.0,1.0,1.296921314134465,142.6063716483144,132.58524669885355,61.18183721322061,132.94589984860443,28.95627840459543,137.792892964681,135.67020161946616,0.7511019715903595,medium,0.00035321619676809135
2025-06-03 17:30:00+00:00,512,NVDA,141.6165008544922,141.6750030517578,140.25999450683594,141.15980529785156,22293768.0,1.0,1.3546836342118809,142.93926230120547,132.4773362095367,60.10543973659706,101.0286119176474,15.787379868998016,137.9668762207031,135.78811492919922,0.22534782319938934,low,-0.0032143500169865558
2025-06-03 18:30:00+00:00,513,NVDA,141.16000366210938,141.52999877929688,140.91000366210938,141.4499969482422,15855554.0,1.0,1.4076502145405527,143.28075449660483,132.36284444138343,60.563011930883654,100.42444783328466,15.787379868998006,138.1335428873698,135.8810183207194,0.15992076620001106,low,0.002055766864925257
2025-06-03 19:30:00+00:00,514,NVDA,141.44500732421875,141.47999572753906,141.0399932861328,141.27000427246094,18234984.0,1.0,1.4187482595842766,143.68276946989997,132.35182983429925,60.1205640017483,91.62013411837822,15.787379868998002,138.28687642415363,135.9507682800293,1.038062434166138,medium,-0.0012724827123687943
2025-06-04 13:30:00+00:00,515,NVDA,142.22000122070312,142.38999938964844,139.5449981689453,140.98500061035156,54713686.0,2.0,1.3885399029165342,143.999867010862,132.5227327816185,59.409628176515334,77.02195055390179,1.1633096253682649,138.42537638346354,136.08026835123698,2.206076458185852,high,-0.0020174393253340472
2025-06-04 14:30:00+00:00,516,NVDA,140.98500061035156,141.5500030517578,140.7100067138672,141.3249969482422,22934690.0,2.0,1.3761707854397685,144.09630653797464,133.19979331554097,59.99345687036899,78.5959211633744,1.1633096253682662,138.64248962402343,136.22160161336262,0.11818221630943014,low,0.00241157808574477
2025-06-04 15:30:00+00:00,517,NVDA,141.32000732421875,141.4199981689453,140.47999572753906,140.51010131835938,16773873.0,2.0,1.285791104287085,144.0826814065081,133.81819902562083,57.92760588254591,67.35579617213082,1.0341880684356228,138.63884989420572,136.37879155476887,4.139667743410284,high,-0.0057661110736216825
2025-06-04 16:30:00+00:00,518,NVDA,140.50999450683594,140.97000122070312,140.35009765625,140.7899932861328,13648099.0,2.0,1.2226554870891562,144.04786648587063,134.45401339694186,58.436142992549264,65.38987256451055,2.3151913647287037,138.60984954833984,136.52979151407877,0.8477649028051488,medium,0.0019919704359139256
2025-06-04 17:30:00+00:00,519,NVDA,140.7899932861328,141.6300048828125,140.66000366210938,141.61880493164062,12028629.0,2.0,1.22537289277696,144.0876057797131,135.04965465729862,59.92016392616251,82.66219237637725,4.405374906358372,138.64480285644532,136.6727717081706,1.8955158152605314,high,0.005886864727831842
2025-06-04 18:30:00+00:00,520,NVDA,141.6199951171875,141.9600067138672,141.4217071533203,141.6699981689453,16668260.0,2.0,1.2176213418868542,143.9291309247405,135.89112969537672,60.011394509237675,90.86102931398116,7.647632244702482,138.7046361287435,136.81927159627278,1.4298074433758041,medium,0.00036148615524189687
2025-06-04 19:30:00+00:00,521,NVDA,141.6750030517578,141.97000122070312,141.38999938964844,141.83009338378906,14052117.0,2.0,1.2104432910415426,143.96643635113384,136.37082408587787,60.30371108053714,85.77553236374207,7.273933900424599,138.81749928792317,136.95985641479493,1.2607280010497137,medium,0.0011300572945078802
2025-06-05 13:30:00+00:00,522,NVDA,142.14999389648438,143.1999969482422,140.74000549316406,141.97830200195312,47304437.0,3.0,1.2028481462038485,143.8936819478082,136.99541869916447,60.5796771683185,86.30689541962047,18.942361248881028,138.9197758992513,137.1009780883789,1.1729757162106562,medium,0.0010449729999331137
2025-06-05 14:30:00+00:00,523,NVDA,141.97000122070312,143.25,141.0800018310547,143.0388946533203,31955898.0,3.0,1.2677955445602436,144.04845925934032,137.4037715756206,62.50911129877234,92.40972371665131,19.383213010195668,139.04840596516928,137.26270955403646,3.161292301478087,high,0.00747010378637003
2025-06-05 15:30:00+00:00,524,NVDA,143.03179931640625,144.0,142.58990478515625,143.0050048828125,32856742.0,3.0,1.3015289884222057,144.11608711806508,137.87964347275522,62.408140847754595,104.1454937847898,25.84931085541945,139.2365727742513,137.41414794921874,1.6774152351976994,high,-0.00023692696025057192
2025-06-05 16:30:00+00:00,525,NVDA,143.0,143.0749969482422,140.77999877929688,141.57870483398438,25643548.0,3.0,1.1993471643229725,143.9697368891717,138.380723926258,58.30759540470527,64.84956055020025,4.274238225550704,139.41902974446614,137.56062800089518,1.0928422243571951,medium,-0.009973777141554785
2025-06-05 17:30:00+00:00,526,NVDA,141.57350158691406,141.78990173339844,139.7899932861328,140.71499633789062,21809449.0,3.0,1.0367225826272204,143.58801515085665,139.07144529836208,56.00250792540096,34.33744982516428,5.226028208690933,139.65652974446616,137.7303779602051,2.287815469009004,high,-0.006100553731626102
2025-06-05 18:30:00+00:00,527,NVDA,140.71499633789062,141.125,138.8300018310547,139.59010314941406,22827344.0,3.0,0.8077605895383897,142.98480050041104,139.8966707520304,53.170463395832726,3.686721808573332,13.40407642722521,139.82745666503905,137.87387975056967,2.5050412199404923,high,-0.007994124419940407
2025-06-05 19:30:00+00:00,528,NVDA,139.61000061035156,140.89999389648438,139.57069396972656,139.9499969482422,18670737.0,3.0,0.6478786405628796,143.05509005656725,139.69138058552258,53.94134937222428,7.800155056925055,13.404076427225217,139.99978993733723,138.02287979125975,1.0985230583216774,medium,0.00257821858934304
2025-06-06 13:30:00+00:00,529,NVDA,142.53500366210938,143.27000427246094,141.50999450683594,141.64500427246094,48131114.0,4.0,0.6504460324364345,143.03836638029878,139.69061463776762,57.361116850876805,76.40676753425436,8.797244597541875,140.21245676676432,138.1844632466634,0.4938878998290822,low,0.012111520980208512
2025-06-06 14:30:00+00:00,530,NVDA,141.64500427246094,142.7899932861328,141.5800018310547,141.69500732421875,22370971.0,4.0,0.6490338788316024,143.0491494132937,139.69283209305397,57.45751227936742,70.70812042048831,8.797244597541862,140.44095713297526,138.3437967936198,1.074448062421292,medium,0.00035301669843312844
2025-06-06 15:30:00+00:00,531,NVDA,141.89999389648438,142.8800048828125,141.66000366210938,142.25999450683594,16595162.0,4.0,0.6856012958020301,143.1253571544583,139.68112325325654,58.55275807612652,80.42946322329809,9.565595216043592,140.62762044270832,138.52106501261397,1.607478887794204,high,0.00398734714289839
2025-06-06 16:30:00+00:00,532,NVDA,142.26499938964844,142.41000366210938,141.5399932861328,142.11500549316406,12379647.0,4.0,0.6948717861178011,143.19749994091464,139.70450048633143,58.15529414239278,68.23963507420582,8.2656465983023,140.81612396240234,138.7011484781901,0.9208886325754223,medium,-0.0010191833211754542
2025-06-06 17:30:00+00:00,533,NVDA,142.11500549316406,142.72999572753906,142.02999877929688,142.36500549316406,11651566.0,4.0,0.7141592439308226,143.290440385526,139.7030608962123,58.655895620934835,86.97002876815476,11.266359150159454,140.9813710530599,138.81903533935548,0.9008542162929197,medium,0.0017591386576840673
2025-06-06 18:30:00+00:00,534,NVDA,142.3614959716797,142.86000061035156,141.9600067138672,142.07179260253906,13192321.0,4.0,0.6977417310686178,143.3449737209928,139.72870639375327,57.816684749044875,81.5896934745711,12.509266055839271,141.13143056233724,138.9333984375,0.16979756756712205,low,-0.0020595854269754854
2025-06-06 19:30:00+00:00,535,NVDA,142.07000732421875,142.11000061035156,141.63999938964844,141.69000244140625,14850249.0,4.0,0.6464713394073556,143.36232567901675,139.7818546188348,56.72351527008512,45.55676385350386,8.509966995756185,141.25338389078777,139.04053192138673,1.6108294350956547,high,-0.002687304454592976
2025-06-09 13:30:00+00:00,536,NVDA,143.26499938964844,144.6999969482422,142.89999389648438,144.375,46562468.0,0.0,0.8131228738123184,143.9036100282589,139.54557057476845,61.956581878685256,213.047141412796,30.028766797769578,141.47838389078777,139.18678181966146,8.838230751894017,high,0.018949802472507438
2025-06-09 14:30:00+00:00,537,NVDA,144.375,145.0,143.0800018310547,143.1800994873047,32958581.0,0.0,0.8391042587429354,144.05093417416757,139.66524624575433,58.68938750611652,195.40689660092423,32.00886518157342,141.67205403645832,139.318923441569,0.6178895569994549,low,-0.008276367187500022
2025-06-09 15:30:00+00:00,538,NVDA,143.19000244140625,143.50010681152344,141.94000244140625,142.22500610351562,35668047.0,0.0,0.773707817360787,144.06877886764303,139.79090283401715,56.237227687973345,78.91607321596683,18.398884914898236,141.70288747151693,139.43700688680013,0.47913134933891977,low,-0.0066705735448503445
2025-06-09 16:30:00+00:00,539,NVDA,142.22999572753906,143.04510498046875,142.16000366210938,142.77000427246094,14458248.0,0.0,0.7571297435172823,144.15289011348813,139.82191152225408,57.29060764459543,82.31915467855595,18.398884914898236,141.73455759684245,139.5583401997884,0.05699512387090029,low,0.003831943368303614
2025-06-09 17:30:00+00:00,540,NVDA,142.77499389648438,142.89999389648438,141.97000122070312,142.83990478515625,12523340.0,0.0,0.7410890742136758,144.23832176875877,139.8534705286045,57.426572733969074,69.44515288028018,16.11886245587143,141.7770543416341,139.68458862304686,0.007943647993458596,low,0.000489602231585895
2025-06-09 18:30:00+00:00,541,NVDA,142.8300018310547,143.02999877929688,142.52999877929688,142.77499389648438,12378395.0,0.0,0.7148980621391559,144.30660898543286,139.87967336319994,57.251486806847105,82.04011841453621,17.283915396036875,141.8157206217448,139.8043067932129,0.37789265020480556,low,-0.0004544310553098452
2025-06-09 19:30:00+00:00,542,NVDA,142.77000427246094,142.77999877929688,142.19000244140625,142.5500030517578,14675807.0,0.0,0.6682830643574107,144.34369934008205,139.89975311353123,56.63236854282294,54.378816170795986,12.900083589911132,141.862060546875,139.91446838378906,0.6071874637509732,low,-0.0015758420896146985
2025-06-10 13:30:00+00:00,543,NVDA,142.6699981689453,143.07000732421875,141.80999755859375,142.8000030517578,36348920.0,1.0,0.6440886009744702,144.31348854864444,139.9060747448126,57.164827074193,55.63876970972408,8.073782492165973,141.9070607503255,140.02030181884766,0.6653508036088904,low,0.0017537705692594052
2025-06-10 14:30:00+00:00,544,NVDA,142.7949981689453,143.13980102539062,142.30999755859375,142.68699645996094,19012075.0,1.0,0.6087780129274165,144.2748629142907,139.91289953688116,56.83850253076091,65.42535761715202,8.838886573562075,141.95429382324218,140.1205851236979,0.52833987257161,low,-0.0007913626707410915
2025-06-10 15:30:00+00:00,545,NVDA,142.67999267578125,143.14990234375,141.52499389648438,143.11500549316406,17762944.0,1.0,0.6083185518591279,144.38326858482347,139.95812393226635,57.78274440789095,51.63140215907118,1.0617786517605092,142.0252939860026,140.22533518473307,3.3335131538070137,high,0.00299963587307861
2025-06-10 16:30:00+00:00,546,NVDA,143.1199951171875,143.28500366210938,142.64999389648438,142.65499877929688,11320481.0,1.0,0.5643304778149911,144.37935916366683,140.15603359756363,56.41065507256922,72.070957198931,0.6016759302340301,142.0696273803711,140.35605850219727,0.625126750118042,low,-0.0032142451609601386
2025-06-10 17:30:00+00:00,547,NVDA,142.6501007080078,143.1300048828125,142.10499572753906,143.11990356445312,11735743.0,1.0,0.5605221920912697,144.1679885418758,140.72038426085857,57.46659088662876,61.25734889816233,6.065591383567861,142.15662078857423,140.39773534138996,1.653327171103439,high,0.003258944931018526
2025-06-10 18:30:00+00:00,548,NVDA,143.1199951171875,144.2899932861328,142.88999938964844,144.0,21355092.0,1.0,0.6213578982249714,144.0604567528691,141.23291635504106,59.39299602617477,147.6699762817715,7.832155099282287,142.26362101236978,140.4367352803548,4.94427292839507,high,0.0061493643695094136
2025-06-10 19:30:00+00:00,549,NVDA,143.99000549316406,144.0,143.22999572753906,143.9499969482422,15565383.0,1.0,0.657951351628526,144.20733872587593,141.31653364961235,59.235312028867675,138.7777862177628,7.832155099282283,142.34132741292316,140.49306513468426,1.5379328716306484,high,-0.00034724341498482136
2025-06-11 13:30:00+00:00,550,NVDA,144.61000061035156,144.99000549316406,143.02000427246094,144.477294921875,49613839.0,2.0,0.7211870711190613,144.44620990432713,141.35589123092677,60.38272520747072,167.7801661439677,18.27536923526852,142.43490397135415,140.56977005004882,1.8940691367345255,high,0.003663063458225757
2025-06-11 14:30:00+00:00,551,NVDA,144.48500061035156,144.6898956298828,143.42999267578125,144.1501007080078,23256895.0,2.0,0.7364111069798582,144.6054761661689,141.3856355892022,59.31109627111622,148.90630232607276,18.275369235268528,142.51223754882812,140.66486841837565,0.6923629510334429,low,-0.0022646756643950328
2025-06-11 15:30:00+00:00,552,NVDA,144.1199951171875,144.22999572753906,142.7729949951172,143.37989807128906,18477391.0,2.0,0.678505954859304,144.62176719465162,141.495833818532,56.85403678353901,84.24916251510388,8.91692323105005,142.558957417806,140.73936665852864,1.1140732005380727,medium,-0.005343059997432009
2025-06-11 16:30:00+00:00,553,NVDA,143.3759002685547,143.85000610351562,143.0218048095703,143.7100067138672,11585509.0,2.0,0.6517398618097161,144.6790357888586,141.57306534639528,57.63223534108463,83.84471506932093,8.916923231050067,142.58132781982422,140.81486689249675,0.7052820757614844,low,0.002302335592496929
2025-06-11 17:30:00+00:00,554,NVDA,143.72500610351562,143.8000030517578,142.02000427246094,142.4716033935547,18120336.0,2.0,0.5245520327366933,144.6514505479506,141.64063166640486,53.86205891963979,17.12263258587618,4.279579176721991,142.56354777018228,140.9000602722168,3.4961898136726735,high,-0.008617377095933354
2025-06-11 18:30:00+00:00,555,NVDA,142.47000122070312,142.9600067138672,141.8699951171875,142.39999389648438,17550577.0,2.0,0.413213209249534,144.57143329045917,141.7916480694041,53.65210944946612,-17.490515114778788,6.1006476458189285,142.59092407226564,141.00497690836588,1.598327150578807,high,-0.000502622946360054
2025-06-11 19:30:00+00:00,556,NVDA,142.39500427246094,143.0,142.2899932861328,142.83999633789062,13674586.0,2.0,0.3563728647008304,144.38216877847913,141.82741221517324,54.77268302388101,4.9870560953071275,5.528478581089617,142.66175740559896,141.15914357503254,0.4974022203631391,low,0.0030899049175949767
2025-06-12 13:30:00+00:00,557,NVDA,141.97999572753906,144.17999267578125,141.8699951171875,144.06500244140625,43378306.0,3.0,0.4054998866060941,144.49676163777764,141.80130965128484,57.71698768624248,66.67874142835126,9.811157871026609,142.81092071533203,141.31918869018554,1.9337921349902554,high,0.008576072073103846
2025-06-12 14:30:00+00:00,558,NVDA,144.07000732421875,145.0,143.9949951171875,144.45120239257812,33988311.0,3.0,0.4701766105671368,144.65369398736516,141.8669969306036,58.59605248602682,172.0551002522821,18.60073514299298,142.9609608968099,141.48037541707356,1.8028556967331033,high,0.0026807340063659257
2025-06-12 15:30:00+00:00,559,NVDA,144.44500732421875,144.72000122070312,143.97000122070312,144.4499969482422,15078767.0,3.0,0.5153949587312923,144.81371395080149,141.8749762347454,58.59211922852426,142.5469910870425,18.225325325218233,143.05446065266926,141.6334587097168,1.2689659541676284,medium,-8.34499343704831e-06
2025-06-12 16:30:00+00:00,560,NVDA,144.4550018310547,144.60000610351562,144.02999877929688,144.3300018310547,11353255.0,3.0,0.5353767326029981,144.93101136195602,141.9066885281807,58.18989220663927,123.33402773328255,18.22532532521824,143.14229380289714,141.7916254679362,0.7188296541069736,medium,-0.0008307034940990832
2025-06-12 17:30:00+00:00,561,NVDA,144.3249969482422,144.8350067138672,144.32000732421875,144.47500610351562,12360146.0,3.0,0.5564981015864987,145.05426074633633,141.9534403645035,58.545640420726826,131.6484946594131,20.91485042003831,143.21612752278645,141.9218739827474,0.656440985700921,low,0.0010046717288250129
2025-06-12 18:30:00+00:00,562,NVDA,144.47500610351562,144.89999389648438,144.25,144.7550048828125,14644653.0,3.0,0.5890404089495576,145.19226589063382,142.03593540331147,59.23844504903224,128.8509727707862,19.66156599606776,143.30412750244142,142.06012573242188,2.3392729697777943,high,0.0019380430349056343
2025-06-12 19:30:00+00:00,563,NVDA,144.75,145.0,144.5,145.0,15549176.0,3.0,0.6273675775258596,145.36863460476687,142.07956638400267,59.845873735584206,135.01826114687674,20.913323059660023,143.39196065266927,142.1866658528646,3.225366596856512,high,0.00169248115038112
2025-06-13 13:30:00+00:00,564,NVDA,142.47999572753906,143.5800018310547,141.0749969482422,141.1999969482422,51872162.0,4.0,0.3471123513126599,145.59809905819196,141.70140197940572,48.29753971289999,-119.13024041334592,23.00574797108928,143.36290079752604,142.24716567993164,12.526563544387255,high,-0.026206917598329715
2025-06-13 14:30:00+00:00,565,NVDA,141.1999969482422,142.94000244140625,141.0800018310547,142.91650390625,23127908.0,4.0,0.2605128020543645,145.60161961586732,141.67803126303892,52.57401859032206,-90.9176807263601,23.005747971089285,143.4037841796875,142.32858403523764,0.6638264086577108,low,0.012156565121152374
2025-06-13 15:30:00+00:00,566,NVDA,142.9149932861328,143.3699951171875,142.8719024658203,143.0749969482422,13935311.0,4.0,0.2023386650786562,145.58689856103825,141.73475213476254,52.94577769295464,-17.407145893032105,16.9135857897391,143.3604507446289,142.41941731770834,0.37102734582809854,low,0.001108990478077665
2025-06-13 16:30:00+00:00,567,NVDA,143.0800018310547,143.36000061035156,142.49000549316406,142.65499877929688,14462880.0,4.0,0.1209506563632771,145.6019808874302,141.67317932985495,51.83198697298638,-39.68366273016704,20.644965029762425,143.34294738769532,142.50750071207682,0.4746112335412063,low,-0.002935510591674184
2025-06-13 17:30:00+00:00,568,NVDA,142.65499877929688,142.8498992919922,141.56500244140625,141.60000610351562,16100745.0,4.0,-0.0283521924801846,145.6727209322382,141.36243989539852,49.14552002077175,-112.21873551955105,28.911088445996526,143.32211405436198,142.51250076293945,1.0089821083212276,medium,-0.0073954133034863645
2025-06-13 18:30:00+00:00,569,NVDA,141.58999633789062,142.0800018310547,140.85499572753906,141.5050048828125,22482726.0,4.0,-0.1525827020007568,145.7180593560251,141.0726022650687,48.90937502001084,-149.24245939806335,34.50859595475863,143.27994740804036,142.50725250244142,0.9363852765617671,medium,-0.0006709125466680677
